Tipo,Denominação,"Código Postal",Descritivo
LOJA,"CTT ARROIOS (LISBOA)",1001-001,LISBOA
LOJA,"CTT ARROIOS (LISBOA)",1002-001,LISBOA
LOJA,"CTT ARROIOS (LISBOA)",1002-001,LISBOA
LOJA,"CTT ROMA (LISBOA)",1006-601,LISBOA
LOJA,"CTT ARROIOS (LISBOA)",1007-001,LISBOA
LOJA,"CTT ARROIOS (LISBOA)",1008-001,LISBOA
LOJA,"CTT ARROIOS (LISBOA)",1009-001,LISBOA
LOJA,"CTT ARROIOS (LISBOA)",1011-001,LISBOA
LOJA,"CTT ARROIOS (LISBOA)",1012-001,LISBOA
LOJA,"CTT ARROIOS (LISBOA)",1013-001,LISBOA
LOJA,"CTT ARROIOS (LISBOA)",1016-001,LISBOA
LOJA,"CTT ARROIOS (LISBOA)",1016-804,LISBOA
LOJA,"CTT ARROIOS (LISBOA)",1017-001,LISBOA
LOJA,"CTT ARROIOS (LISBOA)",1017-801,LISBOA
LOJA,"CTT ARROIOS (LISBOA)",1017-808,LISBOA
LOJA,"CTT ARROIOS (LISBOA)",1017-812,LISBOA
LOJA,"CTT PICOAS (LISBOA)",1051-001,LISBOA
LOJA,"CTT PICOAS (LISBOA)",1051-802,LISBOA
LOJA,"CTT PICOAS (LISBOA)",1051-804,LISBOA
LOJA,"CTT PICOAS (LISBOA)",1052-001,LISBOA
LOJA,"CTT PICOAS (LISBOA)",1052-803,LISBOA
LOJA,"CTT PICOAS (LISBOA)",1053-001,LISBOA
LOJA,"CTT PICOAS (LISBOA)",1053-804,LISBOA
LOJA,"CTT PICOAS (LISBOA)",1054-001,LISBOA
LOJA,"CTT PICOAS (LISBOA)",1054-804,LISBOA
LOJA,"CTT PICOAS (LISBOA)",1056-001,LISBOA
LOJA,"CTT PICOAS (LISBOA)",1057-001,LISBOA
LOJA,"CTT PICOAS (LISBOA)",1057-803,LISBOA
LOJA,"CTT PICOAS (LISBOA)",1058-001,LISBOA
LOJA,"CTT PICOAS (LISBOA)",1058-801,LISBOA
LOJA,"CTT PICOAS (LISBOA)",1058-805,LISBOA
LOJA,"CTT PICOAS (LISBOA)",1059-001,LISBOA
LOJA,"CTT 5 DE OUTUBRO (LISBOA)",1059-002,LISBOA
LOJA,"CTT PICOAS (LISBOA)",1061-001,LISBOA
LOJA,"CTT PICOAS (LISBOA)",1061-002,LISBOA
LOJA,"CTT PICOAS (LISBOA)",1061-003,LISBOA
LOJA,"CTT PICOAS (LISBOA)",1061-803,LISBOA
LOJA,"CTT PICOAS (LISBOA)",1061-806,LISBOA
LOJA,"CTT PICOAS (LISBOA)",1061-810,LISBOA
LOJA,"CTT PICOAS (LISBOA)",1061-811,LISBOA
LOJA,"CTT PICOAS (LISBOA)",1061-812,LISBOA
LOJA,"CTT PICOAS (LISBOA)",1061-815,LISBOA
LOJA,"CTT PICOAS (LISBOA)",1061-816,LISBOA
LOJA,"CTT PICOAS (LISBOA)",1061-817,LISBOA
LOJA,"CTT PICOAS (LISBOA)",1061-818,LISBOA
LOJA,"CTT PICOAS (LISBOA)",1061-819,LISBOA
LOJA,"CTT PICOAS (LISBOA)",1061-820,LISBOA
LOJA,"CTT PICOAS (LISBOA)",1061-821,LISBOA
LOJA,"CTT 5 DE OUTUBRO (LISBOA)",1064-001,LISBOA
LOJA,"CTT 5 DE OUTUBRO (LISBOA)",1064-002,LISBOA
LOJA,"CTT 5 DE OUTUBRO (LISBOA)",1064-003,LISBOA
LOJA,"CTT 5 DE OUTUBRO (LISBOA)",1064-004,LISBOA
LOJA,"CTT 5 DE OUTUBRO (LISBOA)",1064-005,LISBOA
LOJA,"CTT 5 DE OUTUBRO (LISBOA)",1064-803,LISBOA
LOJA,"CTT 5 DE OUTUBRO (LISBOA)",1064-808,LISBOA
LOJA,"CTT 5 DE OUTUBRO (LISBOA)",1064-824,LISBOA
LOJA,"CTT 5 DE OUTUBRO (LISBOA)",1064-826,LISBOA
LOJA,"CTT 5 DE OUTUBRO (LISBOA)",1064-835,LISBOA
LOJA,"CTT 5 DE OUTUBRO (LISBOA)",1064-840,LISBOA
LOJA,"CTT 5 DE OUTUBRO (LISBOA)",1064-841,LISBOA
LOJA,"CTT 5 DE OUTUBRO (LISBOA)",1064-843,LISBOA
LOJA,"CTT 5 DE OUTUBRO (LISBOA)",1064-844,LISBOA
LOJA,"CTT 5 DE OUTUBRO (LISBOA)",1064-845,LISBOA
LOJA,"CTT 5 DE OUTUBRO (LISBOA)",1064-846,LISBOA
LOJA,"CTT 5 DE OUTUBRO (LISBOA)",1064-847,LISBOA
LOJA,"CTT 5 DE OUTUBRO (LISBOA)",1064-848,LISBOA
LOJA,"CTT 5 DE OUTUBRO (LISBOA)",1064-849,LISBOA
LOJA,"CTT CAMPOLIDE (LISBOA)",1071-001,LISBOA
LOJA,"CTT CAMPOLIDE (LISBOA)",1071-801,LISBOA
LOJA,"CTT CAMPOLIDE (LISBOA)",1071-803,LISBOA
LOJA,"CTT CAMPOLIDE (LISBOA)",1071-812,LISBOA
LOJA,"CTT CAMPOLIDE (LISBOA)",1072-002,LISBOA
LOJA,"CTT CAMPOLIDE (LISBOA)",1072-802,LISBOA
LOJA,"CTT CAMPOLIDE (LISBOA)",1072-804,LISBOA
LOJA,"CTT CAMPOLIDE (LISBOA)",1072-805,LISBOA
LOJA,"CTT CAMPOLIDE (LISBOA)",1074-003,LISBOA
LOJA,"CTT CAMPOLIDE (LISBOA)",1074-004,LISBOA
LOJA,"CTT CAMPOLIDE (LISBOA)",1074-005,LISBOA
LOJA,"CTT CAMPOLIDE (LISBOA)",1074-807,LISBOA
LOJA,"CTT SETE RIOS (LISBOA)",1081-601,LISBOA
LOJA,"CTT SETE RIOS (LISBOA)",1081-651,LISBOA
LOJA,"CTT SETE RIOS (LISBOA)",1081-652,LISBOA
LOJA,"CTT SETE RIOS (LISBOA)",1081-653,LISBOA
LOJA,"CTT SETE RIOS (LISBOA)",1081-654,LISBOA
LOJA,"CTT PRAÇA DO MUNICÍPIO (LISBOA)",1101-001,LISBOA
LOJA,"CTT PRAÇA DO MUNICÍPIO (LISBOA)",1101-801,LISBOA
LOJA,"CTT PRAÇA DO MUNICÍPIO (LISBOA)",1101-802,LISBOA
LOJA,"CTT PRAÇA DO MUNICÍPIO (LISBOA)",1101-803,LISBOA
LOJA,"CTT PRAÇA DO MUNICÍPIO (LISBOA)",1101-808,LISBOA
LOJA,"CTT PRAÇA DO MUNICÍPIO (LISBOA)",1102-001,LISBOA
LOJA,"CTT PRAÇA DO MUNICÍPIO (LISBOA)",1102-803,LISBOA
LOJA,"CTT PRAÇA DO MUNICÍPIO (LISBOA)",1103-001,LISBOA
LOJA,"CTT PRAÇA DO MUNICÍPIO (LISBOA)",1103-801,LISBOA
LOJA,"CTT PRAÇA DO MUNICÍPIO (LISBOA)",1104-001,LISBOA
LOJA,"CTT PRAÇA DO MUNICÍPIO (LISBOA)",1104-801,LISBOA
LOJA,"CTT PRAÇA DO MUNICÍPIO (LISBOA)",1106-001,LISBOA
LOJA,"CTT PRAÇA DO MUNICÍPIO (LISBOA)",1106-802,LISBOA
LOJA,"CTT PRAÇA DO MUNICÍPIO (LISBOA)",1106-805,LISBOA
LOJA,"CTT PRAÇA DO MUNICÍPIO (LISBOA)",1107-001,LISBOA
LOJA,"CTT PRAÇA DO MUNICÍPIO (LISBOA)",1107-805,LISBOA
LOJA,"CTT PRAÇA DO MUNICÍPIO (LISBOA)",1108-001,LISBOA
LOJA,"CTT PRAÇA DO MUNICÍPIO (LISBOA)",1108-804,LISBOA
LOJA,"CTT PRAÇA DO MUNICÍPIO (LISBOA)",1108-807,LISBOA
LOJA,"CTT PRAÇA DO MUNICÍPIO (LISBOA)",1109-001,LISBOA
LOJA,"CTT PRAÇA DO MUNICÍPIO (LISBOA)",1111-001,LISBOA
LOJA,"CTT PRAÇA DO MUNICÍPIO (LISBOA)",1111-805,LISBOA
LOJA,"CTT PRAÇA DO MUNICÍPIO (LISBOA)",1112-001,LISBOA
LOJA,"CTT PRAÇA DO MUNICÍPIO (LISBOA)",1112-803,LISBOA
LOJA,"CTT PRAÇA DO MUNICÍPIO (LISBOA)",1113-001,LISBOA
LOJA,"CTT PRAÇA DO MUNICÍPIO (LISBOA)",1113-801,LISBOA
LOJA,"CTT PRAÇA DO MUNICÍPIO (LISBOA)",1114-001,LISBOA
LOJA,"CTT PRAÇA DO MUNICÍPIO (LISBOA)",1114-804,LISBOA
LOJA,"CTT PRAÇA DO MUNICÍPIO (LISBOA)",1116-001,LISBOA
LOJA,"CTT PRAÇA DO MUNICÍPIO (LISBOA)",1116-802,LISBOA
LOJA,"CTT PRAÇA DO MUNICÍPIO (LISBOA)",1117-001,LISBOA
LOJA,"CTT PRAÇA DO MUNICÍPIO (LISBOA)",1118-001,LISBOA
LOJA,"CTT PRAÇA DO MUNICÍPIO (LISBOA)",1118-803,LISBOA
LOJA,"CTT PRAÇA DO MUNICÍPIO (LISBOA)",1119-001,LISBOA
LOJA,"CTT PRAÇA DO MUNICÍPIO (LISBOA)",1121-001,LISBOA
LOJA,"CTT PRAÇA DO MUNICÍPIO (LISBOA)",1122-001,LISBOA
LOJA,"CTT PRAÇA DO MUNICÍPIO (LISBOA)",1122-801,LISBOA
LOJA,"CTT PRAÇA DO MUNICÍPIO (LISBOA)",1122-806,LISBOA
LOJA,"CTT PRAÇA DO MUNICÍPIO (LISBOA)",1123-001,LISBOA
LOJA,"CTT PRAÇA DO MUNICÍPIO (LISBOA)",1123-804,LISBOA
LOJA,"CTT PRAÇA DO MUNICÍPIO (LISBOA)",1123-805,LISBOA
LOJA,"CTT PRAÇA DO MUNICÍPIO (LISBOA)",1124-001,LISBOA
LOJA,"CTT PRAÇA DO MUNICÍPIO (LISBOA)",1124-001,LISBOA
LOJA,"CTT PRAÇA DO MUNICÍPIO (LISBOA)",1124-802,LISBOA
LOJA,"CTT PRAÇA DO MUNICÍPIO (LISBOA)",1126-001,LISBOA
LOJA,"CTT PRAÇA DO MUNICÍPIO (LISBOA)",1127-001,LISBOA
LOJA,"CTT PRAÇA DO MUNICÍPIO (LISBOA)",1127-803,LISBOA
LOJA,"CTT PRAÇA DO MUNICÍPIO (LISBOA)",1128-001,LISBOA
LOJA,"CTT PRAÇA DO MUNICÍPIO (LISBOA)",1129-001,LISBOA
LOJA,"CTT PRAÇA DO MUNICÍPIO (LISBOA)",1131-001,LISBOA
LOJA,"CTT PRAÇA DO MUNICÍPIO (LISBOA)",1132-001,LISBOA
LOJA,"CTT PRAÇA DO MUNICÍPIO (LISBOA)",1133-001,LISBOA
LOJA,"CTT PRAÇA DO MUNICÍPIO (LISBOA)",1134-001,LISBOA
LOJA,"CTT PRAÇA DO MUNICÍPIO (LISBOA)",1144-001,LISBOA
LOJA,"CTT PRAÇA DO MUNICÍPIO (LISBOA)",1144-003,LISBOA
LOJA,"CTT PRAÇA DO MUNICÍPIO (LISBOA)",1147-601,LISBOA
LOJA,"CTT SANTA MARTA (LISBOA)",1151-801,LISBOA
LOJA,"CTT SANTA MARTA (LISBOA)",1151-851,LISBOA
LOJA,"CTT GRAÇA (LISBOA)",1171-801,LISBOA
LOJA,"CTT LAPA (LISBOA)",1201-800,LISBOA
LOJA,"CTT LAPA (LISBOA)",1201-801,LISBOA
LOJA,"CTT LAPA (LISBOA)",1201-802,LISBOA
LOJA,"CTT CAMPO DE OURIQUE (LISBOA)",1251-602,LISBOA
LOJA,"CTT RATO (LISBOA)",1251-901,LISBOA
LOJA,"CTT CAMPO DE OURIQUE (LISBOA)",1251-997,LISBOA
LOJA,"CTT CALVÁRIO (LISBOA)",1301-801,LISBOA
LOJA,"CTT CALVÁRIO (LISBOA)",1301-901,LISBOA
LOJA,"CTT CALVÁRIO (LISBOA)",1301-902,LISBOA
LOJA,"CTT CALVÁRIO (LISBOA)",1301-903,LISBOA
LOJA,"CTT CALVÁRIO (LISBOA)",1301-904,LISBOA
LOJA,"CTT CALVÁRIO (LISBOA)",1301-905,LISBOA
LOJA,"CTT CALVÁRIO (LISBOA)",1301-918,LISBOA
LOJA,"CTT CALVÁRIO (LISBOA)",1301-923,LISBOA
LOJA,"CTT RESTELO (LISBOA)",1401-801,LISBOA
LOJA,"CTT MIRAFLORES",1496-701,ALGÉS
LOJA,"CTT ALGÉS",1496-801,ALGÉS
LOJA,"CTT ALGÉS",1496-901,ALGÉS
LOJA,"CTT ALGÉS",1496-903,ALGÉS
LOJA,"CTT S DOMINGOS DE BENFICA (LISBOA)",1501-001,LISBOA
LOJA,"CTT S DOMINGOS DE BENFICA (LISBOA)",1501-803,LISBOA
LOJA,"CTT S DOMINGOS DE BENFICA (LISBOA)",1501-805,LISBOA
LOJA,"CTT S DOMINGOS DE BENFICA (LISBOA)",1501-806,LISBOA
LOJA,"CTT S DOMINGOS DE BENFICA (LISBOA)",1502-001,LISBOA
LOJA,"CTT S DOMINGOS DE BENFICA (LISBOA)",1503-001,LISBOA
LOJA,"CTT S DOMINGOS DE BENFICA (LISBOA)",1503-002,LISBOA
LOJA,"CTT S DOMINGOS DE BENFICA (LISBOA)",1503-003,LISBOA
LOJA,"CTT S DOMINGOS DE BENFICA (LISBOA)",1503-802,LISBOA
LOJA,"CTT S DOMINGOS DE BENFICA (LISBOA)",1503-809,LISBOA
LOJA,"CTT S DOMINGOS DE BENFICA (LISBOA)",1503-814,LISBOA
LOJA,"CTT S DOMINGOS DE BENFICA (LISBOA)",1504-001,LISBOA
LOJA,"CTT S DOMINGOS DE BENFICA (LISBOA)",1506-001,LISBOA
LOJA,"CTT S DOMINGOS DE BENFICA (LISBOA)",1511-601,LISBOA
LOJA,"CTT S DOMINGOS DE BENFICA (LISBOA)",1512-601,LISBOA
LOJA,"CTT BENFICA (LISBOA)",1514-801,LISBOA
LOJA,"CTT BENFICA (LISBOA)",1516-801,LISBOA
LOJA,"CTT BOLSA (LISBOA)",1601-301,LISBOA
LOJA,"CTT BOLSA (LISBOA)",1601-351,LISBOA
LOJA,"CTT BOLSA (LISBOA)",1601-352,LISBOA
LOJA,"CTT BOLSA (LISBOA)",1601-353,LISBOA
LOJA,"CTT BOLSA (LISBOA)",1601-354,LISBOA
LOJA,"CTT TELHEIRAS (LISBOA)",1601-801,LISBOA
LOJA,"CTT LUMIAR (LISBOA)",1601-901,LISBOA
LOJA,"CTT LUMIAR (LISBOA)",1601-901,LISBOA
LOJA,"CTT PONTINHA (ODIVELAS)",1676-901,PONTINHA
LOJA,"CTT VILA DE CANEÇAS",1686-803,CANEÇAS
LOJA,"CTT VILA DE CANEÇAS",1686-901,CANEÇAS
LOJA,"CTT S JOÃO DE BRITO (LISBOA)",1701-001,LISBOA
LOJA,"CTT S JOÃO DE BRITO (LISBOA)",1702-001,LISBOA
LOJA,"CTT S JOÃO DE BRITO (LISBOA)",1703-001,LISBOA
LOJA,"CTT S JOÃO DE BRITO (LISBOA)",1703-801,LISBOA
LOJA,"CTT S JOÃO DE BRITO (LISBOA)",1704-001,LISBOA
LOJA,"CTT S JOÃO DE BRITO (LISBOA)",1704-801,LISBOA
LOJA,"CTT S JOÃO DE BRITO (LISBOA)",1706-001,LISBOA
LOJA,"CTT S JOÃO DE BRITO (LISBOA)",1707-001,LISBOA
LOJA,"CTT S JOÃO DE BRITO (LISBOA)",1708-001,LISBOA
LOJA,"CTT S JOÃO DE BRITO (LISBOA)",1709-001,LISBOA
LOJA,"CTT S JOÃO DE BRITO (LISBOA)",1709-802,LISBOA
LOJA,"CTT S JOÃO DE BRITO (LISBOA)",1711-001,LISBOA
LOJA,"CTT S JOÃO DE BRITO (LISBOA)",1711-801,LISBOA
LOJA,"CTT S JOÃO DE BRITO (LISBOA)",1713-001,LISBOA
LOJA,"CTT S JOÃO DE BRITO (LISBOA)",1721-501,LISBOA
LOJA,"CTT S JOÃO DE BRITO (LISBOA)",1721-551,LISBOA
LOJA,"CTT S JOÃO DE BRITO (LISBOA)",1721-552,LISBOA
LOJA,"CTT S JOÃO DE BRITO (LISBOA)",1721-553,LISBOA
LOJA,"CTT AEROPORTO DE LISBOA",1721-801,LISBOA
LOJA,"CTT CABO RUIVO (LISBOA)",1801-001,LISBOA
LOJA,"CTT CABO RUIVO (LISBOA)",1801-801,LISBOA
LOJA,"CTT CABO RUIVO (LISBOA)",1801-804,LISBOA
LOJA,"CTT CABO RUIVO (LISBOA)",1801-805,LISBOA
LOJA,"CTT CABO RUIVO (LISBOA)",1801-807,LISBOA
LOJA,"CTT CABO RUIVO (LISBOA)",1801-809,LISBOA
LOJA,"CTT CABO RUIVO (LISBOA)",1801-811,LISBOA
LOJA,"CTT CABO RUIVO (LISBOA)",1801-812,LISBOA
LOJA,"CTT CABO RUIVO (LISBOA)",1801-813,LISBOA
LOJA,"CTT CABO RUIVO (LISBOA)",1801-814,LISBOA
LOJA,"CTT CABO RUIVO (LISBOA)",1801-815,LISBOA
LOJA,"CTT CABO RUIVO (LISBOA)",1801-816,LISBOA
LOJA,"CTT CABO RUIVO (LISBOA)",1801-817,LISBOA
LOJA,"CTT CABO RUIVO (LISBOA)",1801-818,LISBOA
LOJA,"CTT CABO RUIVO (LISBOA)",1801-819,LISBOA
LOJA,"CTT CABO RUIVO (LISBOA)",1801-820,LISBOA
LOJA,"CTT CABO RUIVO (LISBOA)",1801-821,LISBOA
LOJA,"CTT CABO RUIVO (LISBOA)",1801-822,LISBOA
LOJA,"CTT CABO RUIVO (LISBOA)",1801-823,LISBOA
LOJA,"CTT CABO RUIVO (LISBOA)",1801-824,LISBOA
LOJA,"CTT CABO RUIVO (LISBOA)",1801-825,LISBOA
LOJA,"CTT CABO RUIVO (LISBOA)",1801-826,LISBOA
LOJA,"CTT CABO RUIVO (LISBOA)",1801-827,LISBOA
LOJA,"CTT CABO RUIVO (LISBOA)",1801-828,LISBOA
LOJA,"CTT CABO RUIVO (LISBOA)",1801-829,LISBOA
LOJA,"CTT CABO RUIVO (LISBOA)",1801-830,LISBOA
LOJA,"CTT CABO RUIVO (LISBOA)",1801-831,LISBOA
LOJA,"CTT CABO RUIVO (LISBOA)",1801-832,LISBOA
LOJA,"CTT CABO RUIVO (LISBOA)",1801-833,LISBOA
LOJA,"CTT CABO RUIVO (LISBOA)",1801-834,LISBOA
LOJA,"CTT CABO RUIVO (LISBOA)",1801-835,LISBOA
LOJA,"CTT CABO RUIVO (LISBOA)",1801-836,LISBOA
LOJA,"CTT CABO RUIVO (LISBOA)",1801-837,LISBOA
LOJA,"CTT CABO RUIVO (LISBOA)",1801-838,LISBOA
LOJA,"CTT CABO RUIVO (LISBOA)",1802-001,LISBOA
LOJA,"CTT CABO RUIVO (LISBOA)",1802-802,LISBOA
LOJA,"CTT CABO RUIVO (LISBOA)",1802-805,LISBOA
LOJA,"CTT CABO RUIVO (LISBOA)",1802-806,LISBOA
LOJA,"CTT CABO RUIVO (LISBOA)",1802-810,LISBOA
LOJA,"CTT CABO RUIVO (LISBOA)",1802-811,LISBOA
LOJA,"CTT CABO RUIVO (LISBOA)",1802-812,LISBOA
LOJA,"CTT CABO RUIVO (LISBOA)",1802-814,LISBOA
LOJA,"CTT CABO RUIVO (LISBOA)",1802-819,LISBOA
LOJA,"CTT CABO RUIVO (LISBOA)",1802-820,LISBOA
LOJA,"CTT CABO RUIVO (LISBOA)",1802-821,LISBOA
LOJA,"CTT CABO RUIVO (LISBOA)",1802-822,LISBOA
LOJA,"CTT CABO RUIVO (LISBOA)",1802-823,LISBOA
LOJA,"CTT CABO RUIVO (LISBOA)",1802-824,LISBOA
LOJA,"CTT CABO RUIVO (LISBOA)",1802-825,LISBOA
LOJA,"CTT CABO RUIVO (LISBOA)",1802-826,LISBOA
LOJA,"CTT CABO RUIVO (LISBOA)",1802-827,LISBOA
LOJA,"CTT CABO RUIVO (LISBOA)",1802-828,LISBOA
LOJA,"CTT CABO RUIVO (LISBOA)",1802-830,LISBOA
LOJA,"CTT CABO RUIVO (LISBOA)",1803-001,LISBOA
LOJA,"CTT CABO RUIVO (LISBOA)",1803-804,LISBOA
LOJA,"CTT CABO RUIVO (LISBOA)",1803-808,LISBOA
LOJA,"CTT CABO RUIVO (LISBOA)",1804-001,LISBOA
LOJA,"CTT CABO RUIVO (LISBOA)",1804-072,LISBOA
LOJA,"CTT CABO RUIVO (LISBOA)",1804-100,LISBOA
LOJA,"CTT CABO RUIVO (LISBOA)",1804-814,LISBOA
LOJA,"CTT CABO RUIVO (LISBOA)",1804-815,LISBOA
LOJA,"CTT CABO RUIVO (LISBOA)",1804-816,LISBOA
LOJA,"CTT CABO RUIVO (LISBOA)",1804-817,LISBOA
LOJA,"CTT CABO RUIVO (LISBOA)",1804-819,LISBOA
LOJA,"CTT CABO RUIVO (LISBOA)",1806-001,LISBOA
LOJA,"CTT CABO RUIVO (LISBOA)",1807-017,LISBOA
LOJA,"CTT CABO RUIVO (LISBOA)",1807-018,LISBOA
LOJA,"CTT CABO RUIVO (LISBOA)",1807-019,LISBOA
LOJA,"CTT CABO RUIVO (LISBOA)",1807-022,LISBOA
LOJA,"CTT CABO RUIVO (LISBOA)",1807-026,LISBOA
LOJA,"CTT CABO RUIVO (LISBOA)",1807-029,LISBOA
LOJA,"CTT CABO RUIVO (LISBOA)",1807-032,LISBOA
LOJA,"CTT CABO RUIVO (LISBOA)",1807-033,LISBOA
LOJA,"CTT CABO RUIVO (LISBOA)",1807-034,LISBOA
LOJA,"CTT CABO RUIVO (LISBOA)",1807-035,LISBOA
LOJA,"CTT CABO RUIVO (LISBOA)",1807-036,LISBOA
LOJA,"CTT CABO RUIVO (LISBOA)",1807-038,LISBOA
LOJA,"CTT CABO RUIVO (LISBOA)",1807-039,LISBOA
LOJA,"CTT CABO RUIVO (LISBOA)",1807-040,LISBOA
LOJA,"CTT CABO RUIVO (LISBOA)",1807-041,LISBOA
LOJA,"CTT CABO RUIVO (LISBOA)",1807-044,LISBOA
LOJA,"CTT CABO RUIVO (LISBOA)",1807-045,LISBOA
LOJA,"CTT CABO RUIVO (LISBOA)",1807-046,LISBOA
LOJA,"CTT CABO RUIVO (LISBOA)",1807-047,LISBOA
LOJA,"CTT CABO RUIVO (LISBOA)",1807-048,LISBOA
LOJA,"CTT CABO RUIVO (LISBOA)",1807-075,LISBOA
LOJA,"CTT CABO RUIVO (LISBOA)",1807-076,LISBOA
LOJA,"CTT CABO RUIVO (LISBOA)",1807-077,LISBOA
LOJA,"CTT CABO RUIVO (LISBOA)",1807-078,LISBOA
LOJA,"CTT OLIVAIS SUL (LISBOA)",1811-601,LISBOA
LOJA,"CTT MOSCAVIDE",1886-001,MOSCAVIDE
LOJA,"CTT MORAIS SOARES (LISBOA)",1901-502,LISBOA
LOJA,"CTT MORAIS SOARES (LISBOA)",1901-801,LISBOA
LOJA,"CTT MORAIS SOARES (LISBOA)",1901-802,LISBOA
LOJA,"CTT MORAIS SOARES (LISBOA)",1901-803,LISBOA
LOJA,"CTT MORAIS SOARES (LISBOA)",1901-806,LISBOA
LOJA,"CTT MORAIS SOARES (LISBOA)",1901-807,LISBOA
LOJA,"CTT D AFONSO HENRIQUES (LISBOA)",1906-901,LISBOA
LOJA,"CTT D AFONSO HENRIQUES (LISBOA)",1906-901,LISBOA
LOJA,"CTT D AFONSO HENRIQUES (LISBOA)",1911-701,LISBOA
LOJA,"CTT D AFONSO HENRIQUES (LISBOA)",1911-753,LISBOA
LOJA,"CTT GARE DO ORIENTE",1991-901,LISBOA
LOJA,"CTT GARE DO ORIENTE",1991-902,LISBOA
LOJA,"CTT GARE DO ORIENTE",1991-951,LISBOA
LOJA,"CTT GARE DO ORIENTE",1991-952,LISBOA
LOJA,"CTT GARE DO ORIENTE",1991-954,LISBOA
PC,"VALE FIGUEIRA",2001-401,"VALE DE FIGUEIRA STR"
PC,"RIBEIRA DE SANTARÉM",2001-601,"STA IRIA RIBEIRA SANTARÉM"
PC,PERNES,2001-701,PERNES
PC,ALCANHÕES,2001-801,ALCANHÕES
LOJA,"CTT SANTARÉM",2001-901,SANTARÉM
LOJA,"CTT SANTARÉM",2001-902,SANTARÉM
LOJA,"CTT SANTARÉM",2001-903,SANTARÉM
LOJA,"CTT SANTARÉM",2001-904,SANTARÉM
LOJA,"CTT SANTARÉM",2001-905,SANTARÉM
LOJA,"CTT SANTARÉM",2001-906,SANTARÉM
LOJA,"CTT SANTARÉM",2001-907,SANTARÉM
PC,"VALE DE SANTARÉM",2006-901,"VALE DE SANTARÉM"
PC,TREMÊS,2026-701,TREMÊS
LOJA,"CTT ALCANEDE",2026-901,ALCANEDE
PC,"AMIAIS DE BAIXO",2026-902,"AMIAIS DE BAIXO"
LOJA,"CTT RIO MAIOR",2041-901,"RIO MAIOR"
LOJA,"CTT AZAMBUJA",2051-901,AZAMBUJA
PC,ALCOENTRE,2066-901,ALCOENTRE
PC,PONTÉVEL,2071-801,PONTÉVEL
LOJA,"CTT CARTAXO",2071-901,CARTAXO
PC,"VILA DE FAZENDAS DE ALMEIRIM",2081-701,"FAZENDAS DE ALMEIRIM"
PC,"BENFICA DO RIBATEJO",2081-801,"BENFICA DO RIBATEJO"
LOJA,"CTT ALMEIRIM",2081-901,ALMEIRIM
LOJA,"CTT ALPIARÇA",2091-901,ALPIARÇA
PC,COUÇO,2101-801,COUÇO
LOJA,"CTT CORUCHE",2101-901,CORUCHE
LOJA,"CTT SALVATERRA DE MAGOS",2121-901,"SALVATERRA DE MAGOS"
PC,MUGE,2126-801,MUGE
PC,MARINHAIS,2126-901,MARINHAIS
LOJA,"CTT BENAVENTE",2131-901,BENAVENTE
PC,"PORTO ALTO",2136-801,"SAMORA CORREIA"
LOJA,"CTT SAMORA CORREIA",2136-901,"SAMORA CORREIA"
LOJA,"CTT CHAMUSCA",2141-901,CHAMUSCA
PC,AZINHAGA,2151-801,AZINHAGA
LOJA,"CTT GOLEGÃ",2151-901,GOLEGÃ
PC,MOURISCAS,2201-904,MOURISCAS
PC,"AVENIDAS ALFERRAREDE",2201-906,ABRANTES
LOJA,"CTT ABRANTES",2201-909,ABRANTES
PC,"SÃO MIGUEL DO RIO TORTO",2206-801,"SÃO MIGUEL DO RIO TORTO"
PC,PEGO,2206-905,PEGO
PC,TRAMAGAL,2206-906,TRAMAGAL
PC,"ROSSIO AO SUL DO TEJO",2206-909,ABRANTES
LOJA,"CTT SARDOAL",2231-909,SARDOAL
LOJA,"CTT FERREIRA DO ZÊZERE",2241-909,"FERREIRA DO ZÊZERE"
LOJA,"CTT CONSTÂNCIA",2251-909,CONSTÂNCIA
PC,"PRAIA DO RIBATEJO",2261-908,"PRAIA DO RIBATEJO"
LOJA,"CTT VILA NOVA DA BARQUINHA",2261-909,"VILA NOVA DA BARQUINHA"
PC,SERRA,2304-908,SERRA
LOJA,"CTT TOMAR",2304-909,TOMAR
LOJA,"CTT ENTRONCAMENTO",2334-909,ENTRONCAMENTO
LOJA,"CTT TORRES NOVAS",2354-001,"TORRES NOVAS"
PC,LAMAROSA,2354-906,OLAIA
PC,RIACHOS,2354-908,RIACHOS
LOJA,"CTT TORRES NOVAS",2354-909,"TORRES NOVAS"
LOJA,"CTT TORRES NOVAS",2354-911,"TORRES NOVAS"
PC,"MONSANTO (ALCANENA)",2381-701,"MONSANTO ACN"
PC,"VILA MOREIRA",2384-908,"VILA MOREIRA"
LOJA,"CTT ALCANENA",2384-909,ALCANENA
PC,MINDE,2396-909,MINDE
LOJA,"CTT LEIRIA PLAZA",2401-601,LEIRIA
PC,"AMOR (LEIRIA)",2401-701,AMOR
LOJA,"CTT LEIRIA PLAZA",2401-801,LEIRIA
LOJA,"CTT LEIRIA",2401-901,LEIRIA
LOJA,"CTT LEIRIA",2401-902,LEIRIA
LOJA,"CTT LEIRIA",2401-903,LEIRIA
LOJA,"CTT LEIRIA",2401-904,LEIRIA
LOJA,"CTT LEIRIA",2401-905,LEIRIA
LOJA,"CTT LEIRIA",2401-905,LEIRIA
LOJA,"CTT LEIRIA",2401-951,LEIRIA
LOJA,"CTT LEIRIA PLAZA",2401-953,LEIRIA
LOJA,"CTT MACEIRA LIZ",2406-909,"MACEIRA LRA"
PC,"POUSOS (LEIRIA)",2411-501,LEIRIA
PC,"TELHEIRO (LEIRIA)",2411-701,LEIRIA
LOJA,"CTT MARRAZES",2416-757,LEIRIA
LOJA,"CTT MARRAZES",2416-758,LEIRIA
LOJA,"CTT MARRAZES",2416-759,LEIRIA
LOJA,"CTT MARRAZES",2416-761,LEIRIA
LOJA,"CTT MARRAZES",2416-762,LEIRIA
LOJA,"CTT MARRAZES",2416-763,LEIRIA
LOJA,"CTT MARRAZES",2416-765,LEIRIA
LOJA,"CTT MARRAZES",2416-766,LEIRIA
LOJA,"CTT MARRAZES",2416-768,LEIRIA
LOJA,"CTT MARRAZES",2416-901,LEIRIA
LOJA,"CTT MARRAZES",2416-902,LEIRIA
LOJA,"CTT MARRAZES",2416-903,LEIRIA
LOJA,"CTT MARRAZES",2416-904,LEIRIA
LOJA,"CTT MARRAZES",2416-905,LEIRIA
PC,ARRABAL,2421-901,ARRABAL
PC,"MONTE REDONDO",2426-908,"MONTE REDONDO LRA"
LOJA,"CTT MONTE REAL",2426-909,"MONTE REAL"
LOJA,"CTT MARINHA GRANDE",2431-901,"MARINHA GRANDE"
LOJA,"CTT MARINHA GRANDE",2431-902,"MARINHA GRANDE"
LOJA,"CTT MARINHA GRANDE",2431-903,"MARINHA GRANDE"
LOJA,"CTT MARINHA GRANDE",2431-904,"MARINHA GRANDE"
LOJA,"CTT MARINHA GRANDE",2431-905,"MARINHA GRANDE"
LOJA,"CTT MARINHA GRANDE",2431-906,"MARINHA GRANDE"
LOJA,"CTT MARINHA GRANDE",2431-907,"MARINHA GRANDE"
LOJA,"CTT MARINHA GRANDE",2431-908,"MARINHA GRANDE"
PC,"VIEIRA DE LEIRIA",2431-909,"VIEIRA DE LEIRIA"
LOJA,"CTT MARINHA GRANDE",2431-911,"MARINHA GRANDE"
LOJA,"CTT MARINHA GRANDE",2431-912,"MARINHA GRANDE"
LOJA,"CTT MARINHA GRANDE",2431-913,"MARINHA GRANDE"
LOJA,"CTT MARINHA GRANDE",2431-914,"MARINHA GRANDE"
LOJA,"CTT MARINHA GRANDE",2431-915,"MARINHA GRANDE"
LOJA,"CTT MARINHA GRANDE",2431-916,"MARINHA GRANDE"
LOJA,"CTT MARINHA GRANDE",2431-917,"MARINHA GRANDE"
LOJA,"CTT MARINHA GRANDE",2431-918,"MARINHA GRANDE"
LOJA,"CTT MARINHA GRANDE",2431-919,"MARINHA GRANDE"
LOJA,"CTT MARINHA GRANDE",2431-920,"MARINHA GRANDE"
LOJA,"CTT MARINHA GRANDE",2431-921,"MARINHA GRANDE"
PC,OLIVAL,2436-907,"OLIVAL VNO"
PC,FREIXIANDA,2436-908,FREIXIANDA
PC,CAXARIAS,2436-909,CAXARIAS
LOJA,"CTT BATALHA",2441-901,BATALHA
LOJA,"CTT BATALHA",2441-951,BATALHA
LOJA,"CTT BATALHA",2441-952,BATALHA
LOJA,"CTT PATAIAS",2446-909,PATAIAS
PC,"VALADO DOS FRADES",2451-851,"VALADO DOS FRADES"
PC,"VALADO DOS FRADES",2451-908,"VALADO DOS FRADES"
LOJA,"CTT NAZARÉ",2451-909,NAZARÉ
PC,ALJUBARROTA,2461-401,"ALJUBARROTA (PRAZERES)"
PC,TURQUEL,2461-551,TURQUEL
LOJA,"CTT ALCOBAÇA",2461-601,ALCOBAÇA
PC,"S MARTINHO DO PORTO",2461-701,"SÃO MARTINHO DO PORTO"
PC,ALFEIZERÃO,2461-801,ALFEIZERÃO
LOJA,"CTT ALCOBAÇA",2461-901,ALCOBAÇA
LOJA,"CTT ALCOBAÇA",2461-955,ALCOBAÇA
LOJA,"CTT ALCOBAÇA",2461-956,ALCOBAÇA
LOJA,"CTT ALCOBAÇA",2461-957,ALCOBAÇA
LOJA,"CTT BENEDITA",2476-901,BENEDITA
LOJA,"CTT PORTO DE MÓS",2481-901,"PORTO DE MÓS"
PC,JUNCAL,2481-908,JUNCAL
LOJA,"CTT PORTO DE MÓS",2481-911,"PORTO DE MÓS"
LOJA,"CTT PORTO DE MÓS",2481-912,"PORTO DE MÓS"
LOJA,"CTT PORTO DE MÓS",2481-913,"PORTO DE MÓS"
LOJA,"CTT PORTO DE MÓS",2481-914,"PORTO DE MÓS"
LOJA,"CTT PORTO DE MÓS",2481-915,"PORTO DE MÓS"
LOJA,"CTT PORTO DE MÓS",2481-916,"PORTO DE MÓS"
LOJA,"CTT PORTO DE MÓS",2481-917,"PORTO DE MÓS"
LOJA,"CTT PORTO DE MÓS",2481-918,"PORTO DE MÓS"
LOJA,"CTT PORTO DE MÓS",2481-919,"PORTO DE MÓS"
LOJA,"CTT PORTO DE MÓS",2481-920,"PORTO DE MÓS"
LOJA,"CTT MIRA DE AIRE",2486-901,"MIRA DE AIRE"
PC,"VILAR DE PRAZERES",2494-907,OURÉM
PC,"ATOUGUIA ",2494-908,ATOUGUIA
LOJA,"CTT OURÉM",2494-909,OURÉM
PC,"SANTA CATARINA DA SERRA",2496-907,"SANTA CATARINA DA SERRA"
LOJA,"CTT FÁTIMA",2496-908,FÁTIMA
PC,"SANTA CATARINA (CALDAS DA RAINHA)",2504-906,"SANTA CATARINA CLD"
PC,"FOZ DO ARELHO",2504-908,"FOZ DO ARELHO"
LOJA,"CTT CALDAS DA RAINHA",2504-909,"CALDAS DA RAINHA"
LOJA,"CTT CALDAS DA RAINHA",2504-910,"CALDAS DA RAINHA"
LOJA,"CTT CALDAS DA RAINHA",2504-911,"CALDAS DA RAINHA"
LOJA,"CTT CALDAS DA RAINHA",2504-912,"CALDAS DA RAINHA"
LOJA,"CTT CALDAS DA RAINHA",2504-913,"CALDAS DA RAINHA"
LOJA,"CTT CALDAS DA RAINHA",2504-914,"CALDAS DA RAINHA"
LOJA,"CTT CALDAS DA RAINHA",2504-915,"CALDAS DA RAINHA"
LOJA,"CTT CALDAS DA RAINHA",2504-916,"CALDAS DA RAINHA"
LOJA,"CTT CALDAS DA RAINHA",2504-917,"CALDAS DA RAINHA"
LOJA,"CTT CALDAS DA RAINHA",2504-918,"CALDAS DA RAINHA"
LOJA,"CTT CALDAS DA RAINHA",2504-919,"CALDAS DA RAINHA"
LOJA,"CTT CALDAS DA RAINHA",2504-920,"CALDAS DA RAINHA"
LOJA,"CTT CALDAS DA RAINHA",2504-921,"CALDAS DA RAINHA"
LOJA,"CTT CALDAS DA RAINHA",2504-922,"CALDAS DA RAINHA"
LOJA,"CTT CALDAS DA RAINHA",2504-923,"CALDAS DA RAINHA"
LOJA,"CTT CALDAS DA RAINHA",2504-924,"CALDAS DA RAINHA"
LOJA,"CTT CALDAS DA RAINHA",2504-925,"CALDAS DA RAINHA"
LOJA,"CTT ÓBIDOS",2511-901,ÓBIDOS
PC,"BAIRRO DOS ARCOS (ÓBIDOS)",2511-909,ÓBIDOS
LOJA,"CTT PENICHE",2524-909,PENICHE
PC,"ATOUGUIA DA BALEIA",2526-909,"ATOUGUIA DA BALEIA"
PC,"REGUENGO GRANDE",2534-907,"REGUENGO GRANDE"
LOJA,"CTT LOURINHÃ",2534-909,LOURINHÃ
LOJA,"CTT BOMBARRAL",2544-909,BOMBARRAL
LOJA,"CTT CADAVAL",2554-909,CADAVAL
LOJA,"CTT CADAVAL",2554-909,CADAVAL
LOJA,"CTT TORRES VEDRAS",2564-905,"TORRES VEDRAS"
PC,"SANTA CRUZ",2564-906,"A DOS CUNHADOS"
PC,"A DOS CUNHADOS",2564-908,"A DOS CUNHADOS"
LOJA,"CTT TORRES VEDRAS",2564-909,"TORRES VEDRAS"
LOJA,"CTT TORRES VEDRAS",2564-910,"TORRES VEDRAS"
LOJA,"CTT TORRES VEDRAS",2564-911,"TORRES VEDRAS"
LOJA,"CTT TORRES VEDRAS",2564-912,"TORRES VEDRAS"
LOJA,"CTT TORRES VEDRAS",2564-913,"TORRES VEDRAS"
PC,ABRIGADA,2584-905,ABRIGADA
PC,MERCEANA,2584-906,"ALDEIA GALEGA DA MERCEANA"
PC,OLHALVO,2584-907,OLHALVO
LOJA,"CTT CARREGADO",2584-908,CARREGADO
LOJA,"CTT ALENQUER",2584-909,ALENQUER
LOJA,"CTT ALENQUER",2584-951,ALENQUER
LOJA,"CTT ALENQUER",2584-953,ALENQUER
LOJA,"CTT CARREGADO",2584-954,CARREGADO
LOJA,"CTT CARREGADO",2584-955,CARREGADO
LOJA,"CTT CARREGADO",2584-956,CARREGADO
LOJA,"CTT CARREGADO",2584-957,CARREGADO
PC,ABRIGADA,2584-958,ABRIGADA
LOJA,"CTT SOBRAL DE MONTE AGRAÇO",2591-909,"SOBRAL DE MONTE AGRAÇO"
PC,"BOM RETIRO",2601-905,"VILA FRANCA DE XIRA"
LOJA,"CTT CASTANHEIRA DO RIBATEJO",2601-906,"CASTANHEIRA DO RIBATEJO"
PC,POVOS,2601-907,"VILA FRANCA DE XIRA"
LOJA,"CTT ALHANDRA",2601-908,ALHANDRA
LOJA,"CTT VILA FRANCA DE XIRA",2601-909,"VILA FRANCA DE XIRA"
LOJA,"CTT CASTANHEIRA DO RIBATEJO",2601-911,"CASTANHEIRA DO RIBATEJO"
LOJA,"CTT CASTANHEIRA DO RIBATEJO",2601-912,"CASTANHEIRA DO RIBATEJO"
LOJA,"CTT VILA FRANCA DE XIRA",2601-997,"VILA FRANCA DE XIRA"
LOJA,"CTT BELAS",2606-901,BELAS
LOJA,"CTT ALFRAGIDE",2611-865,AMADORA
LOJA,"CTT ALFRAGIDE",2611-901,AMADORA
LOJA,"CTT ALVERCA DO RIBATEJO",2616-907,"ALVERCA DO RIBATEJO"
LOJA,"CTT ALVERCA DO RIBATEJO",2616-908,"ALVERCA DO RIBATEJO"
LOJA,"CTT ALVERCA DO RIBATEJO",2616-909,"ALVERCA DO RIBATEJO"
LOJA,"CTT ALVERCA DO RIBATEJO",2616-952,"ALVERCA DO RIBATEJO"
LOJA,"CTT ALVERCA DO RIBATEJO",2616-953,"ALVERCA DO RIBATEJO"
LOJA,"CTT ALVERCA DO RIBATEJO",2616-956,"ALVERCA DO RIBATEJO"
LOJA,"CTT ALVERCA DO RIBATEJO",2616-957,"ALVERCA DO RIBATEJO"
LOJA,"CTT VIALONGA",2626-851,VIALONGA
LOJA,"CTT VIALONGA",2626-852,VIALONGA
LOJA,"CTT FORTE DA CASA",2626-906,"FORTE DA CASA"
LOJA,"CTT VIALONGA",2626-908,VIALONGA
LOJA,"CTT PÓVOA DE SANTA IRIA",2626-909,"PÓVOA DE SANTA IRIA"
LOJA,"CTT ARRUDA DOS VINHOS",2631-909,"ARRUDA DOS VINHOS"
LOJA,"CTT RIO DE MOURO",2636-901,"RIO DE MOURO"
LOJA,"CTT RIO DE MOURO",2636-902,"RIO DE MOURO"
LOJA,"CTT RIO DE MOURO",2636-903,"RIO DE MOURO"
LOJA,"CTT RIO DE MOURO",2636-904,"RIO DE MOURO"
LOJA,"CTT MAFRA",2641-909,MAFRA
LOJA,"CTT ALCABIDECHE",2646-901,ALCABIDECHE
LOJA,"CTT COLINA DO SOL (AMADORA)",2651-801,AMADORA
LOJA,"CTT ERICEIRA",2656-909,ERICEIRA
LOJA,"CTT SANTO ANTÓNIO DOS CAVALEIROS",2661-901,"SANTO ANTÓNIO CAVALEIROS"
CDP,"2670 LOURES",2661-902,"SANTO ANTÃO DO TOJAL"
PC,"LIVRAMENTO (MALVEIRA)",2669-907,AZUEIRA
LOJA,"CTT VENDA DO PINHEIRO",2669-908,"VENDA DO PINHEIRO"
LOJA,"CTT MALVEIRA",2669-909,MALVEIRA
PC,BUCELAS,2671-601,BUCELAS
LOJA,"CTT LOURES",2671-901,LOURES
LOJA,"CTT LOURES",2671-951,LOURES
LOJA,"CTT HERÓIS DE CHAIMITE (ODIVELAS)",2676-801,ODIVELAS
LOJA,"CTT HERÓIS DE CHAIMITE (ODIVELAS)",2676-802,ODIVELAS
LOJA,"CTT ODIVELAS",2676-901,ODIVELAS
LOJA,"CTT ODIVELAS",2676-951,ODIVELAS
LOJA,"CTT ODIVELAS",2676-953,ODIVELAS
PC,CAMARATE,2681-901,CAMARATE
LOJA,"CTT PRIOR VELHO",2686-401,"PRIOR VELHO"
LOJA,"CTT PRIOR VELHO",2686-402,"PRIOR VELHO"
LOJA,"CTT PRIOR VELHO",2686-403,"PRIOR VELHO"
LOJA,"CTT PRIOR VELHO",2686-451,"PRIOR VELHO"
LOJA,"CTT PORTELA",2686-601,"PORTELA LRS"
LOJA,"CTT SACAVÉM",2686-951,SACAVÉM
LOJA,"CTT SACAVÉM",2686-952,SACAVÉM
LOJA,"CTT SACAVÉM",2686-953,SACAVÉM
LOJA,"CTT SACAVÉM",2686-955,SACAVÉM
LOJA,"CTT SACAVÉM",2686-997,SACAVÉM
LOJA,"CTT SANTA IRIA DE AZÓIA",2691-651,"SANTA IRIA DE AZÓIA"
LOJA,"CTT SANTA IRIA DE AZÓIA",2691-901,"SANTA IRIA DE AZÓIA"
LOJA,"CTT S JOÃO DA TALHA",2696-801,"SÃO JOÃO DA TALHA"
LOJA,"CTT BOBADELA (LOURES)",2696-901,"BOBADELA LRS"
LOJA,"CTT CASAL DE SÃO BRÁS",2701-501,AMADORA
LOJA,"CTT BAIRRO NOVO (AMADORA)",2701-801,AMADORA
LOJA,"CTT BAIRRO NOVO (AMADORA)",2701-852,AMADORA
LOJA,"CTT AMADORA",2701-901,AMADORA
LOJA,"CTT AMADORA",2701-902,AMADORA
LOJA,"CTT AMADORA",2701-903,AMADORA
LOJA,"CTT AMADORA",2701-904,AMADORA
LOJA,"CTT AMADORA",2701-905,AMADORA
LOJA,"CTT AMADORA",2701-956,AMADORA
PC,"S JOÃO DAS LAMPAS",2706-851,"SÃO JOÃO DAS LAMPAS"
PC,"PRAIA DAS MAÇÃS",2706-907,COLARES
PC,"S JOÃO DAS LAMPAS",2706-908,"SÃO JOÃO DAS LAMPAS"
PC,COLARES,2706-909,COLARES
LOJA,"CTT VILA (SINTRA)",2711-801,SINTRA
LOJA,"CTT SINTRA",2711-901,SINTRA
LOJA,"CTT SINTRA",2711-901,SINTRA
LOJA,"CTT SINTRA",2711-948,SINTRA
LOJA,"CTT SINTRA",2711-949,SINTRA
LOJA,"CTT SINTRA",2711-951,SINTRA
LOJA,"CTT PERO PINHEIRO",2716-901,"PERO PINHEIRO"
PC,SABUGO,2716-902,"ALMARGEM DO BISPO"
PC,SABUGO,2716-912,"ALMARGEM DO BISPO"
LOJA,"CTT PERO PINHEIRO",2716-921,"PERO PINHEIRO"
LOJA,"CTT PERO PINHEIRO",2716-922,"PERO PINHEIRO"
LOJA,"CTT PERO PINHEIRO",2716-923,"PERO PINHEIRO"
LOJA,"CTT PERO PINHEIRO",2716-924,"PERO PINHEIRO"
LOJA,"CTT PERO PINHEIRO",2716-925,"PERO PINHEIRO"
LOJA,"CTT DAMAIA",2721-901,AMADORA
LOJA,"CTT DAMAIA",2721-902,AMADORA
LOJA,"CTT DAMAIA",2721-903,AMADORA
LOJA,"CTT DAMAIA",2721-904,AMADORA
LOJA,"CTT DAMAIA",2721-905,AMADORA
LOJA,"CTT DAMAIA",2721-906,AMADORA
LOJA,"CTT DAMAIA",2721-907,AMADORA
LOJA,"CTT DAMAIA",2721-908,AMADORA
LOJA,"CTT DAMAIA",2721-909,AMADORA
LOJA,"CTT DAMAIA",2721-910,AMADORA
LOJA,"CTT DAMAIA",2721-911,AMADORA
LOJA,"CTT DAMAIA",2721-912,AMADORA
LOJA,"CTT ALGUEIRÃO",2726-701,"MEM MARTINS"
LOJA,"CTT MEM MARTINS",2726-901,"MEM MARTINS"
LOJA,"CTT MEM MARTINS",2726-902,"MEM MARTINS"
LOJA,"CTT MEM MARTINS",2726-911,"MEM MARTINS"
LOJA,"CTT MEM MARTINS",2726-912,"MEM MARTINS"
LOJA,"CTT MEM MARTINS",2726-913,"MEM MARTINS"
LOJA,"CTT MEM MARTINS",2726-914,"MEM MARTINS"
LOJA,"CTT MEM MARTINS",2726-915,"MEM MARTINS"
LOJA,"CTT MEM MARTINS",2726-917,"MEM MARTINS"
LOJA,"CTT MEM MARTINS",2726-918,"MEM MARTINS"
LOJA,"CTT MEM MARTINS",2726-919,"MEM MARTINS"
LOJA,"CTT MEM MARTINS",2726-920,"MEM MARTINS"
LOJA,"CTT MEM MARTINS",2726-922,"MEM MARTINS"
LOJA,"CTT MEM MARTINS",2726-932,"MEM MARTINS"
LOJA,"CTT MEM MARTINS",2726-933,"MEM MARTINS"
LOJA,"CTT MEM MARTINS",2726-941,"MEM MARTINS"
LOJA,"CTT BARCARENA",2731-901,BARCARENA
LOJA,"CTT AGUALVA-CACÉM",2736-601,AGUALVA-CACÉM
LOJA,"CTT CACÉM",2736-901,AGUALVA-CACÉM
LOJA,"CTT CACÉM",2736-902,AGUALVA-CACÉM
LOJA,"CTT CACÉM",2736-903,AGUALVA-CACÉM
LOJA,"CTT CACÉM",2736-904,AGUALVA-CACÉM
LOJA,"CTT CACÉM",2736-954,AGUALVA-CACÉM
LOJA,"CTT CACÉM",2736-955,AGUALVA-CACÉM
LOJA,"CTT PORTO SALVO",2741-852,"PORTO SALVO"
LOJA,"CTT PORTO SALVO",2741-853,"PORTO SALVO"
LOJA,"CTT PORTO SALVO",2741-854,"PORTO SALVO"
LOJA,"CTT PORTO SALVO",2741-901,"PORTO SALVO"
LOJA,"CTT PORTO SALVO",2741-951,"PORTO SALVO"
LOJA,"CTT MIGUEL BOMBARDA (QUELUZ)",2746-501,QUELUZ
LOJA,"CTT MASSAMÁ",2746-801,QUELUZ
LOJA,"CTT QUELUZ",2746-901,QUELUZ
LOJA,"CTT QUELUZ",2746-902,QUELUZ
LOJA,"CTT QUELUZ",2746-903,QUELUZ
LOJA,"CTT QUELUZ",2746-904,QUELUZ
LOJA,"CTT QUELUZ",2746-952,QUELUZ
LOJA,"CTT QUELUZ",2746-954,QUELUZ
LOJA,"CTT QUELUZ",2746-955,QUELUZ
LOJA,"CTT QUELUZ",2746-956,QUELUZ
LOJA,"CTT CASCAIS",2751-701,CASCAIS
LOJA,"CTT CASCAIS",2751-702,CASCAIS
LOJA,"CTT CASCAIS",2751-703,CASCAIS
LOJA,"CTT CASCAIS",2751-704,CASCAIS
LOJA,"CTT CASCAIS",2751-705,CASCAIS
LOJA,"CTT CASCAIS",2751-706,CASCAIS
LOJA,"CTT MARGINAL (CASCAIS)",2751-801,CASCAIS
LOJA,"CTT CASCAIS II",2751-901,CASCAIS
LOJA,"CTT CASCAIS II",2751-902,CASCAIS
LOJA,"CTT CASCAIS II",2751-903,CASCAIS
LOJA,"CTT CASCAIS II",2751-904,CASCAIS
LOJA,"CTT CASCAIS II",2751-905,CASCAIS
LOJA,"CTT CASCAIS II",2751-906,CASCAIS
LOJA,"CTT CASCAIS II",2751-951,CASCAIS
LOJA,"CTT CASCAIS II",2751-952,CASCAIS
LOJA,"CTT CASCAIS II",2751-954,CASCAIS
PC,"PINCEL D'ARTE",2761-901,CAXIAS
LOJA,"CTT S PEDRO DO ESTORIL",2766-501,ESTORIL
LOJA,"CTT S JOÃO DO ESTORIL",2766-601,ESTORIL
LOJA,"CTT S JOÃO DO ESTORIL",2766-651,ESTORIL
LOJA,"CTT ESTORIL",2766-901,ESTORIL
LOJA,"CTT ESTORIL",2766-902,ESTORIL
LOJA,"CTT ESTORIL",2766-903,ESTORIL
LOJA,"CTT ESTORIL",2766-904,ESTORIL
LOJA,"CTT ESTORIL",2766-905,ESTORIL
LOJA,"CTT ESTORIL",2766-955,ESTORIL
LOJA,"CTT ESTORIL",2766-956,ESTORIL
LOJA,"CTT PAÇO DE ARCOS",2771-901,"PAÇO DE ARCOS"
LOJA,"CTT PAREDE",2776-801,PAREDE
LOJA,"CTT REBELVA (CARCAVELOS)",2776-901,CARCAVELOS
LOJA,"CTT REBELVA (CARCAVELOS)",2776-902,CARCAVELOS
LOJA,"CTT REBELVA (CARCAVELOS)",2776-903,CARCAVELOS
LOJA,"CTT REBELVA (CARCAVELOS)",2776-904,CARCAVELOS
LOJA,"CTT REBELVA (CARCAVELOS)",2776-905,CARCAVELOS
LOJA,"CTT REBELVA (CARCAVELOS)",2776-906,CARCAVELOS
LOJA,"CTT REBELVA (CARCAVELOS)",2776-931,CARCAVELOS
LOJA,"CTT REBELVA (CARCAVELOS)",2776-953,CARCAVELOS
LOJA,"CTT OEIRAS",2781-901,OEIRAS
LOJA,"CTT OEIRAS",2781-902,OEIRAS
LOJA,"CTT ABÓBODA",2786-852,"SÃO DOMINGOS DE RANA"
LOJA,"CTT ABÓBODA",2786-853,"SÃO DOMINGOS DE RANA"
LOJA,"CTT ABÓBODA",2786-854,"SÃO DOMINGOS DE RANA"
LOJA,"CTT ABÓBODA",2786-856,"SÃO DOMINGOS DE RANA"
LOJA,"CTT ABÓBODA",2786-857,"SÃO DOMINGOS DE RANA"
LOJA,"CTT ABÓBODA",2786-858,"SÃO DOMINGOS DE RANA"
LOJA,"CTT ABÓBODA",2786-859,"SÃO DOMINGOS DE RANA"
LOJA,"CTT ABÓBODA",2786-901,"SÃO DOMINGOS DE RANA"
BEC,CARNAXIDE,2791-701,CARNAXIDE
LOJA,"CTT QUEIJAS",2791-801,QUEIJAS
LOJA,"CTT CARNAXIDE",2791-901,CARNAXIDE
LOJA,"CTT LINDA A VELHA",2796-901,"LINDA A VELHA"
LOJA,"CTT LINDA A VELHA",2796-902,"LINDA A VELHA"
LOJA,"CTT LINDA A VELHA",2796-903,"LINDA A VELHA"
LOJA,"CTT LINDA A VELHA",2796-904,"LINDA A VELHA"
LOJA,"CTT LINDA A VELHA",2796-904,"LINDA A VELHA"
LOJA,"CTT LINDA A VELHA",2796-904,"LINDA A VELHA"
LOJA,"CTT LINDA A VELHA",2796-904,"LINDA A VELHA"
LOJA,"CTT LINDA A VELHA",2796-904,"LINDA A VELHA"
LOJA,"CTT LINDA A VELHA",2796-904,"LINDA A VELHA"
LOJA,"CTT LINDA A VELHA",2796-904,"LINDA A VELHA"
LOJA,"CTT LINDA A VELHA",2796-904,"LINDA A VELHA"
LOJA,"CTT LINDA A VELHA",2796-911,"LINDA A VELHA"
LOJA,"CTT LINDA A VELHA",2796-912,"LINDA A VELHA"
LOJA,"CTT LINDA A VELHA",2796-913,"LINDA A VELHA"
LOJA,"CTT LINDA A VELHA",2796-951,"LINDA A VELHA"
LOJA,"CTT LINDA A VELHA",2796-953,"LINDA A VELHA"
LOJA,"CTT LINDA A VELHA",2796-957,"LINDA A VELHA"
LOJA,"CTT LINDA A VELHA",2796-958,"LINDA A VELHA"
LOJA,"CTT LINDA A VELHA",2796-959,"LINDA A VELHA"
LOJA,"CTT PRAGAL",2801-601,ALMADA
LOJA,"CTT PRAGAL",2801-651,ALMADA
LOJA,"CTT PRAGAL",2801-652,ALMADA
LOJA,"CTT PRAÇA (ALMADA)",2801-801,ALMADA
LOJA,"CTT COVA DA PIEDADE",2806-801,ALMADA
LOJA,"CTT COVA DA PIEDADE",2806-802,ALMADA
LOJA,"CTT COVA DA PIEDADE",2806-803,ALMADA
LOJA,"CTT COVA DA PIEDADE",2806-804,ALMADA
LOJA,"CTT COVA DA PIEDADE",2806-805,ALMADA
LOJA,"CTT COVA DA PIEDADE",2806-806,ALMADA
LOJA,"CTT COVA DA PIEDADE",2806-807,ALMADA
LOJA,"CTT COVA DA PIEDADE",2806-808,ALMADA
LOJA,"CTT COVA DA PIEDADE",2806-809,ALMADA
PC,ALFEITE,2811-501,ALMADA
LOJA,"CTT LARANJEIRO",2811-601,ALMADA
LOJA,"CTT CHARNECA DA CAPARICA",2821-901,"CHARNECA DA CAPARICA"
LOJA,"CTT CHARNECA DA CAPARICA",2821-951,"CHARNECA DA CAPARICA"
PC,TRAFARIA,2826-601,TRAFARIA
PC,"MONTE DE CAPARICA",2826-801,CAPARICA
LOJA,"CTT COSTA DE CAPARICA",2826-901,"COSTA DE CAPARICA"
LOJA,"CTT COSTA DE CAPARICA",2826-902,"COSTA DE CAPARICA"
LOJA,"CTT COSTA DE CAPARICA",2826-903,"COSTA DE CAPARICA"
LOJA,"CTT COSTA DE CAPARICA",2826-904,"COSTA DE CAPARICA"
LOJA,"CTT BARREIRO",2831-904,BARREIRO
PC,COINA,2831-906,COINA
LOJA,"CTT BARREIRO",2831-907,BARREIRO
LOJA,"CTT QUINTA DA LOMBA",2831-908,BARREIRO
LOJA,"CTT BARREIRO",2831-909,BARREIRO
LOJA,"CTT BAIXA DA BANHEIRA",2836-907,"BAIXA DA BANHEIRA"
PC,"ETIKA LAVRADIO",2836-908,LAVRADIO
LOJA,"CTT BAIXA DA BANHEIRA",2836-909,"BAIXA DA BANHEIRA"
LOJA,"CTT SEIXAL",2841-905,SEIXAL
LOJA,"CTT TORRE DA MARINHA",2841-908,SEIXAL
LOJA,"CTT PAIVAS",2846-907,AMORA
LOJA,"CTT PAIVAS",2846-909,AMORA
LOJA,"CTT SANTA MARTA DO PINHAL",2856-908,CORROIOS
LOJA,"CTT CORROIOS",2856-909,CORROIOS
CDP,"2835 BAIXA DA BANHEIRA",2861-907,"ALHOS VEDROS"
LOJA,"CTT ALHOS VEDROS",2861-908,"ALHOS VEDROS"
LOJA,"CTT MOITA",2861-909,MOITA
LOJA,"CTT FERNÃO FERRO",2866-909,"FERNÃO FERRO"
LOJA,"CTT S PEDRO (MONTIJO)",2871-908,MONTIJO
LOJA,"CTT MONTIJO",2871-909,MONTIJO
LOJA,"CTT ALCOCHETE",2891-909,ALCOCHETE
LOJA,"CTT ALCOCHETE",2891-952,ALCOCHETE
LOJA,"CTT ALCOCHETE",2891-953,ALCOCHETE
LOJA,"CTT ALCOCHETE",2891-954,ALCOCHETE
LOJA,"CTT NOSSA SENHORA DA ANUNCIADA (SETÚBAL)",2901-601,SETÚBAL
LOJA,"CTT BONFIM (SETÚBAL)",2901-852,SETÚBAL
LOJA,"CTT BONFIM (SETÚBAL)",2901-858,SETÚBAL
LOJA,"CTT BONFIM (SETÚBAL)",2901-860,SETÚBAL
LOJA,"CTT BONFIM (SETÚBAL)",2901-861,SETÚBAL
LOJA,"CTT BONFIM (SETÚBAL)",2901-862,SETÚBAL
LOJA,"CTT BONFIM (SETÚBAL)",2901-864,SETÚBAL
LOJA,"CTT BONFIM (SETÚBAL)",2901-866,SETÚBAL
LOJA,"CTT BONFIM (SETÚBAL)",2901-901,SETÚBAL
LOJA,"CTT BONFIM (SETÚBAL)",2901-902,SETÚBAL
LOJA,"CTT BONFIM (SETÚBAL)",2901-952,SETÚBAL
LOJA,"CTT BONFIM (SETÚBAL)",2901-953,SETÚBAL
LOJA,"CTT MONTE BELO (SETÚBAL)",2911-801,SETÚBAL
LOJA,"CTT MONTE BELO (SETÚBAL)",2911-802,SETÚBAL
LOJA,"CTT MONTE BELO (SETÚBAL)",2911-803,SETÚBAL
LOJA,"CTT MONTE BELO (SETÚBAL)",2911-851,SETÚBAL
LOJA,"CTT MONTE BELO (SETÚBAL)",2911-852,SETÚBAL
LOJA,"CTT NOSSA SENHORA DA CONCEIÇÃO (SETÚBAL)",2911-901,SETÚBAL
LOJA,"CTT NOSSA SENHORA DA CONCEIÇÃO (SETÚBAL)",2911-951,SETÚBAL
LOJA,"CTT AZEITÃO",2926-901,AZEITÃO
LOJA,"CTT AZEITÃO",2926-951,AZEITÃO
LOJA,"CTT AZEITÃO",2926-952,AZEITÃO
CDP,"2950 PALMELA",2951-801,PALMELA
CDP,"2950 PALMELA",2951-802,PALMELA
CDP,"2950 PALMELA",2951-803,PALMELA
LOJA,"CTT PALMELA",2951-901,PALMELA
LOJA,"CTT PALMELA",2954-005,PALMELA
LOJA,"CTT PINHAL NOVO",2956-909,"PINHAL NOVO"
PC,"ÁGUAS DE MOURA",2966-909,"ÁGUAS DE MOURA"
LOJA,"CTT SANTANA (SESIMBRA)",2971-908,SESIMBRA
PC,SESIMBRA,2971-909,SESIMBRA
LOJA,"CTT QUINTA DO CONDE",2976-909,"QUINTA DO CONDE"
PC,"PAPIRO (COIMBRA)",3001-301,COIMBRA
PC,"PAPIRO (COIMBRA)",3001-401,COIMBRA
PC,"PAPIRO (COIMBRA)",3001-501,COIMBRA
PC,"PAPIRO (COIMBRA)",3001-501,COIMBRA
PC,"PAPIRO (COIMBRA)",3001-552,COIMBRA
PC,"PAPIRO (COIMBRA)",3001-553,COIMBRA
PC,"PAPIRO (COIMBRA)",3001-601,COIMBRA
PC,"PAPIRO (COIMBRA)",3001-651,COIMBRA
LOJA,"CTT FERNÃO DE MAGALHÃES (COIMBRA)",3001-901,COIMBRA
LOJA,"CTT FERNÃO DE MAGALHÃES (COIMBRA)",3001-902,COIMBRA
LOJA,"CTT FERNÃO DE MAGALHÃES (COIMBRA)",3001-903,COIMBRA
LOJA,"CTT FERNÃO DE MAGALHÃES (COIMBRA)",3001-904,COIMBRA
LOJA,"CTT FERNÃO DE MAGALHÃES (COIMBRA)",3001-905,COIMBRA
LOJA,"CTT FERNÃO DE MAGALHÃES (COIMBRA)",3001-906,COIMBRA
LOJA,"CTT FERNÃO DE MAGALHÃES (COIMBRA)",3001-907,COIMBRA
LOJA,"CTT FERNÃO DE MAGALHÃES (COIMBRA)",3001-908,COIMBRA
LOJA,"CTT FERNÃO DE MAGALHÃES (COIMBRA)",3001-909,COIMBRA
LOJA,"CTT FERNÃO DE MAGALHÃES (COIMBRA)",3001-910,COIMBRA
LOJA,"CTT FERNÃO DE MAGALHÃES (COIMBRA)",3001-910,COIMBRA
LOJA,"CTT FERNÃO DE MAGALHÃES (COIMBRA)",3001-910,COIMBRA
LOJA,"CTT FERNÃO DE MAGALHÃES (COIMBRA)",3001-910,COIMBRA
LOJA,"CTT FERNÃO DE MAGALHÃES (COIMBRA)",3001-910,COIMBRA
LOJA,"CTT FERNÃO DE MAGALHÃES (COIMBRA)",3001-910,COIMBRA
LOJA,"CTT FERNÃO DE MAGALHÃES (COIMBRA)",3001-910,COIMBRA
LOJA,"CTT FERNÃO DE MAGALHÃES (COIMBRA)",3001-912,COIMBRA
LOJA,"CTT FERNÃO DE MAGALHÃES (COIMBRA)",3001-913,COIMBRA
LOJA,"CTT FERNÃO DE MAGALHÃES (COIMBRA)",3001-914,COIMBRA
LOJA,"CTT FERNÃO DE MAGALHÃES (COIMBRA)",3001-951,COIMBRA
LOJA,"CTT FERNÃO DE MAGALHÃES (COIMBRA)",3001-954,COIMBRA
LOJA,"CTT FERNÃO DE MAGALHÃES (COIMBRA)",3001-958,COIMBRA
PC,SOUSELAS,3021-801,SOUSELAS
LOJA,"CTT PEDRULHA (COIMBRA)",3026-901,COIMBRA
LOJA,"CTT VALE DAS FLORES (COIMBRA)",3031-601,COIMBRA
LOJA,"CTT S JOSÉ (COIMBRA)",3031-901,COIMBRA
PC,CERNACHE,3041-501,CERNACHE
PC,CERNACHE,3041-552,CERNACHE
PC,"QUINTA DAS LÁGRIMAS (COIMBRA)",3041-901,COIMBRA
PC,"QUINTA DAS LÁGRIMAS (COIMBRA)",3041-901,COIMBRA
PC,TAVEIRO,3046-801,TAVEIRO
LOJA,"CTT S MARTINHO DO BISPO",3046-901,COIMBRA
LOJA,"CTT S MARTINHO DO BISPO",3046-901,COIMBRA
LOJA,"CTT MEALHADA",3051-901,MEALHADA
PC,LUSO,3051-902,LUSO
PC,PAMPILHOSA,3051-903,PAMPILHOSA
PC,ANÇÃ,3061-905,ANÇÃ
LOJA,"CTT FEBRES",3061-906,FEBRES
PC,VILAMAR,3061-907,VILAMAR
LOJA,"CTT TOCHA",3061-908,TOCHA
LOJA,"CTT CANTANHEDE",3061-909,CANTANHEDE
PC,"PRAIA DE MIRA",3071-908,"PRAIA DE MIRA"
LOJA,"CTT MIRA",3071-909,MIRA
PC,QUIAIOS,3081-101,"FIGUEIRA DA FOZ"
LOJA,"CTT BUARCOS (VILA)",3081-601,"FIGUEIRA DA FOZ"
LOJA,"CTT BAIRRO DA ESTAÇÃO (FIGUEIRA DA FOZ)",3081-801,"FIGUEIRA DA FOZ"
LOJA,"CTT BAIRRO DA ESTAÇÃO (FIGUEIRA DA FOZ)",3081-851,"FIGUEIRA DA FOZ"
LOJA,"CTT BAIRRO DA ESTAÇÃO (FIGUEIRA DA FOZ)",3081-852,"FIGUEIRA DA FOZ"
LOJA,"CTT BAIRRO DA ESTAÇÃO (FIGUEIRA DA FOZ)",3081-853,"FIGUEIRA DA FOZ"
LOJA,"CTT FIGUEIRA DA FOZ",3081-901,"FIGUEIRA DA FOZ"
LOJA,"CTT FIGUEIRA DA FOZ",3081-902,"FIGUEIRA DA FOZ"
LOJA,"CTT FIGUEIRA DA FOZ",3081-903,"FIGUEIRA DA FOZ"
LOJA,"CTT FIGUEIRA DA FOZ",3081-951,"FIGUEIRA DA FOZ"
PC,"SANTANA (FIGUEIRA DA FOZ)",3091-901,"SANTANA FIG"
PC,"MARINHA DAS ONDAS",3091-902,"MARINHA DAS ONDAS"
PC,MAIORCA,3091-903,MAIORCA
PC,PAIÃO,3091-904,PAIÃO
LOJA,"CTT POMBAL",3101-301,POMBAL
PC,"ALBERGARIA DOS DOZE",3101-601,"ALBERGARIA DOS DOZE"
LOJA,"CTT POMBAL",3101-901,POMBAL
LOJA,"CTT POMBAL",3101-902,POMBAL
LOJA,"CTT POMBAL",3101-903,POMBAL
LOJA,"CTT POMBAL",3101-904,POMBAL
PC,MEIRINHAS,3106-601,MEIRINHAS
PC,VERMOIL,3106-701,VERMOIL
PC,LOURIÇAL,3106-801,LOURIÇAL
PC,"GUIA (POMBAL)",3106-901,"GUIA PBL"
PC,"GRANJA DO ULMEIRO",3131-905,"GRANJA DO ULMEIRO"
PC,ALFARELOS,3131-906,ALFARELOS
LOJA,"CTT SOURE",3131-909,SOURE
PC,VERRIDE,3141-905,VERRIDE
PC,CARAPINHEIRA,3141-906,CARAPINHEIRA
PC,ARAZEDE,3141-908,ARAZEDE
LOJA,"CTT MONTEMOR-O-VELHO",3141-909,MONTEMOR-O-VELHO
LOJA,"CTT CONDEIXA-A-NOVA",3151-909,CONDEIXA-A-NOVA
PC,SERPINS,3201-908,SERPINS
LOJA,"CTT LOUSÃ",3201-909,LOUSÃ
LOJA,"CTT MIRANDA DO CORVO",3221-909,"MIRANDA DO CORVO"
LOJA,"CTT PENELA",3231-909,PENELA
PC,"CHÃO DE COUCE",3241-701,"CHÃO DE COUCE"
PC,AVELAR,3241-908,AVELAR
LOJA,"CTT ANSIÃO",3241-909,ANSIÃO
PC,CABAÇOS,3251-907,PUSSOS
PC,"MAÇÃS DE DONA MARIA",3251-908,"MAÇÃS DE DONA MARIA"
LOJA,"CTT ALVAIÁZERE",3251-909,ALVAIÁZERE
LOJA,"CTT FIGUEIRÓ DOS VINHOS",3261-909,"FIGUEIRÓ DOS VINHOS"
LOJA,"CTT PEDRÓGÃO GRANDE",3271-909,"PEDRÓGÃO GRANDE"
LOJA,"CTT CASTANHEIRA DE PÊRA",3281-909,"CASTANHEIRA DE PÊRA"
PC,"SÃO MARTINHO DA CORTIÇA",3304-908,"SÃO MARTINHO DA CORTIÇA"
LOJA,"CTT ARGANIL",3304-909,ARGANIL
LOJA,"CTT ARGANIL",3304-952,ARGANIL
LOJA,"CTT ARGANIL",3304-954,ARGANIL
LOJA,"CTT ARGANIL",3304-955,ARGANIL
PC,"BENFEITA (ARGANIL)",3306-908,BENFEITA
PC,COJA,3306-909,COJA
LOJA,"CTT PAMPILHOSA DA SERRA",3321-909,"PAMPILHOSA DA SERRA"
LOJA,"CTT GÓIS",3331-909,GÓIS
LOJA,"CTT VILA NOVA DE POIARES",3351-909,"VILA NOVA DE POIARES"
PC,"S PEDRO DE ALVA",3361-908,"SÃO PEDRO DE ALVA"
LOJA,"CTT PENACOVA",3361-909,PENACOVA
PC,GALIZES,3404-907,"NOGUEIRA DO CRAVO OHP"
LOJA,"CTT OLIVEIRA DO HOSPITAL",3404-909,"OLIVEIRA DO HOSPITAL"
LOJA,"CTT OLIVEIRA DO HOSPITAL",3404-952,"OLIVEIRA DO HOSPITAL"
LOJA,"CTT OLIVEIRA DO HOSPITAL",3404-954,"OLIVEIRA DO HOSPITAL"
LOJA,"CTT OLIVEIRA DO HOSPITAL",3404-955,"OLIVEIRA DO HOSPITAL"
LOJA,"CTT OLIVEIRA DO HOSPITAL",3404-956,"OLIVEIRA DO HOSPITAL"
LOJA,"CTT OLIVEIRA DO HOSPITAL",3404-958,"OLIVEIRA DO HOSPITAL"
PC,"LAGARES DA BEIRA",3406-907,"LAGARES OHP"
PC,"SEIXO DA BEIRA",3406-909,"SEIXO DA BEIRA"
PC,MIDÕES,3421-906,"MIDÕES TBU"
PC,MOURONHO,3421-907,MOURONHO
LOJA,"CTT TÁBUA",3421-909,TÁBUA
LOJA,"CTT TÁBUA",3421-911,TÁBUA
LOJA,"CTT CARREGAL DO SAL",3431-909,"CARREGAL DO SAL"
LOJA,"CTT SANTA COMBA DÃO",3441-909,"SANTA COMBA DÃO"
LOJA,"CTT MORTÁGUA",3451-909,MORTÁGUA
LOJA,"CTT MORTÁGUA",3451-911,MORTÁGUA
PC,"PARADA DE GONTA",3461-908,"PARADA DE GONTA"
LOJA,"CTT TONDELA",3461-909,TONDELA
PC,"CAMPO DE BESTEIROS",3466-909,"CAMPO DE BESTEIROS"
PC,CARAMULO,3476-909,CARAMULO
PC,"COIMBRÕES (VISEU)",3501-907,VISEU
LOJA,"CTT S JOSÉ (VISEU)",3501-908,VISEU
LOJA,"CTT VISEU",3501-909,VISEU
PC,TORREDEITA,3511-908,TORREDEITA
LOJA,"CTT ABRAVESES (VISEU)",3516-909,VISEU
PC,SANTAR,3521-908,"SANTAR NLS"
LOJA,"CTT NELAS",3521-909,NELAS
LOJA,"CTT NELAS",3521-951,NELAS
LOJA,"CTT NELAS",3521-952,NELAS
LOJA,"CTT CANAS DE SENHORIM",3526-909,"CANAS DE SENHORIM"
LOJA,"CTT MANGUALDE",3534-909,MANGUALDE
LOJA,"CTT MANGUALDE",3534-951,MANGUALDE
LOJA,"CTT MANGUALDE",3534-952,MANGUALDE
LOJA,"CTT MANGUALDE",3534-953,MANGUALDE
LOJA,"CTT MANGUALDE",3534-956,MANGUALDE
LOJA,"CTT PENALVA DO CASTELO",3551-909,"PENALVA DO CASTELO"
PC,"RIO DE MOÍNHOS (SATÃO)",3561-907,"RIO DE MOINHOS SAT"
LOJA,"CTT SÁTÃO",3561-909,SÁTÃO
LOJA,"CTT AGUIAR DA BEIRA",3571-909,"AGUIAR DA BEIRA"
LOJA,"CTT CASTRO DAIRE",3601-909,"CASTRO DAIRE"
LOJA,"CTT TAROUCA",3611-909,TAROUCA
PC,"VILA DA RUA",3621-907,RUA
PC,"LEOMIL (MOIMENTA DA BEIRA)",3621-908,"LEOMIL MBR"
LOJA,"CTT MOIMENTA DA BEIRA",3621-909,"MOIMENTA DA BEIRA"
LOJA,"CTT PENEDONO",3631-909,PENEDONO
LOJA,"CTT SERNANCELHE",3641-909,SERNANCELHE
LOJA,"CTT VILA NOVA DE PAIVA",3651-909,"VILA NOVA DE PAIVA"
PC,"TERMAS SÃO PEDRO DO SUL",3661-907,"VÁRZEA SPS"
PC,"SANTA CRUZ DA TRAPA",3661-908,"SANTA CRUZ DA TRAPA"
LOJA,"CTT S PEDRO DO SUL",3661-909,"SÃO PEDRO DO SUL"
LOJA,"CTT VOUZELA",3671-909,VOUZELA
LOJA,"CTT OLIVEIRA DE FRADES",3681-909,"OLIVEIRA DE FRADES"
LOJA,"CTT S JOÃO DA MADEIRA",3701-852,"SÃO JOÃO DA MADEIRA"
PC,ROMARIZ,3701-902,ROMARIZ
PC,"MILHEIRÓS DE POIARES",3701-903,"MILHEIRÓS DE POIARES"
PC,FAJÕES,3701-904,FAJÕES
PC,"NOGUEIRA DO CRAVO ",3701-905,"NOGUEIRA DO CRAVO OAZ"
LOJA,"CTT CESAR",3701-906,CESAR
LOJA,"CTT TRAVESSA (S JOÃO DA MADEIRA)",3701-907,"MILHEIRÓS DE POIARES"
LOJA,"CTT ARRIFANA",3701-908,"ARRIFANA VFR"
LOJA,"CTT S JOÃO DA MADEIRA",3701-909,"SÃO JOÃO DA MADEIRA"
LOJA,"CTT S JOÃO DA MADEIRA",3701-910,"SÃO JOÃO DA MADEIRA"
LOJA,"CTT S JOÃO DA MADEIRA",3701-911,"SÃO JOÃO DA MADEIRA"
LOJA,"CTT S JOÃO DA MADEIRA",3701-912,"SÃO JOÃO DA MADEIRA"
LOJA,"CTT S JOÃO DA MADEIRA",3701-913,"SÃO JOÃO DA MADEIRA"
LOJA,"CTT S JOÃO DA MADEIRA",3701-914,"SÃO JOÃO DA MADEIRA"
LOJA,"CTT S JOÃO DA MADEIRA",3701-915,"SÃO JOÃO DA MADEIRA"
LOJA,"CTT S JOÃO DA MADEIRA",3701-951,"SÃO JOÃO DA MADEIRA"
LOJA,"CTT S JOÃO DA MADEIRA",3701-953,"SÃO JOÃO DA MADEIRA"
LOJA,"CTT S JOÃO DA MADEIRA",3701-954,"SÃO JOÃO DA MADEIRA"
LOJA,"CTT S JOÃO DA MADEIRA",3701-955,"SÃO JOÃO DA MADEIRA"
LOJA,"CTT S JOÃO DA MADEIRA",3701-957,"SÃO JOÃO DA MADEIRA"
LOJA,"CTT BOAVISTA (OLIVEIRA DE AZEMÉIS)",3721-851,"SANTIAGO DE RIBA-UL"
LOJA,"CTT BOAVISTA (OLIVEIRA DE AZEMÉIS)",3721-852,"SANTIAGO DE RIBA-UL"
LOJA,"CTT BOAVISTA (OLIVEIRA DE AZEMÉIS)",3721-853,"SANTIAGO DE RIBA-UL"
LOJA,"CTT BOAVISTA (OLIVEIRA DE AZEMÉIS)",3721-854,"SANTIAGO DE RIBA-UL"
LOJA,"CTT BOAVISTA (OLIVEIRA DE AZEMÉIS)",3721-855,"SANTIAGO DE RIBA-UL"
LOJA,"CTT BOAVISTA (OLIVEIRA DE AZEMÉIS)",3721-856,"SANTIAGO DE RIBA-UL"
LOJA,"CTT OLIVEIRA DE AZEMÉIS",3721-859,"OLIVEIRA DE AZEMÉIS"
PC,"PINHEIRO DA BEMPOSTA",3721-862,"PINHEIRO DA BEMPOSTA"
PC,"PINHEIRO DA BEMPOSTA",3721-863,"PINHEIRO DA BEMPOSTA"
PC,"VILA CHÃ DE SÃO ROQUE",3721-865,"SÃO ROQUE"
PC,"VILA CHÃ DE SÃO ROQUE",3721-866,"SÃO ROQUE"
LOJA,"CTT VILA DE CUCUJÃES",3721-867,"VILA DE CUCUJÃES"
LOJA,"CTT VILA DE CUCUJÃES",3721-868,"VILA DE CUCUJÃES"
PC,"SANTIAGO DE RIBA-UL",3721-901,"SANTIAGO DE RIBA-UL"
LOJA,"CTT BOAVISTA (OLIVEIRA DE AZEMÉIS)",3721-902,"SANTIAGO DE RIBA-UL"
PC,"LOUREIRO (OLIVEIRA DE AZEMÉIS)",3721-903,"LOUREIRO OAZ"
PC,"VILA CHÃ DE SÃO ROQUE",3721-904,"SÃO ROQUE"
PC,"S MARTINHO DA GÂNDARA",3721-905,"SÃO MARTINHO DA GÂNDARA"
PC,"PINHEIRO DA BEMPOSTA",3721-906,"PINHEIRO DA BEMPOSTA"
PC,CARREGOSA,3721-907,CARREGOSA
LOJA,"CTT VILA DE CUCUJÃES",3721-908,"VILA DE CUCUJÃES"
LOJA,"CTT OLIVEIRA DE AZEMÉIS",3721-909,"OLIVEIRA DE AZEMÉIS"
LOJA,"CTT VALE DE CAMBRA",3731-901,"VALE DE CAMBRA"
PC,"MACIEIRA DE CAMBRA",3731-902,"VALE DE CAMBRA"
LOJA,"CTT VALE DE CAMBRA",3731-951,"VALE DE CAMBRA"
LOJA,"CTT VALE DE CAMBRA",3731-952,"VALE DE CAMBRA"
LOJA,"CTT VALE DE CAMBRA",3731-953,"VALE DE CAMBRA"
LOJA,"CTT VALE DE CAMBRA",3731-954,"VALE DE CAMBRA"
LOJA,"CTT VALE DE CAMBRA",3731-955,"VALE DE CAMBRA"
LOJA,"CTT VALE DE CAMBRA",3731-956,"VALE DE CAMBRA"
LOJA,"CTT VALE DE CAMBRA",3731-957,"VALE DE CAMBRA"
PC,"PESSEGUEIRO DO VOUGA",3741-801,"PESSEGUEIRO DO VOUGA"
CAD,"3740 SEVER DO VOUGA",3741-908,"SEVER DO VOUGA"
LOJA,"CTT SEVER DO VOUGA",3741-909,"SEVER DO VOUGA"
PC,ESPINHEL,3751-801,ESPINHEL
PC,"BARRÔ (ÁGUEDA)",3754-001,"BARRÔ AGD"
CDP,"3750 ÁGUEDA",3754-901,SEGADÃES
PC,"BELAZAIMA DO CHÃO",3754-902,"BELAZAIMA DO CHÃO"
PC,"MACINHATA DO VOUGA",3754-903,"MACINHATA DO VOUGA"
PC,FERMENTELOS,3754-904,FERMENTELOS
PC,"VALONGO DO VOUGA",3754-905,"VALONGO DO VOUGA"
PC,"AGUADA DE BAIXO",3754-906,"AGUADA DE BAIXO"
LOJA,"CTT MOURISCA DO VOUGA",3754-907,"TROFA AGD"
PC,"AGUADA DE CIMA",3754-908,"AGUADA DE CIMA"
LOJA,"CTT ÁGUEDA",3754-909,ÁGUEDA
PC,MAMARROSA,3771-903,MAMARROSA
PC,BUSTOS,3771-904,BUSTOS
LOJA,"CTT PALHAÇA",3771-906,PALHAÇA
LOJA,"CTT OIÃ",3771-908,OIÃ
LOJA,"CTT OLIVEIRA DO BAIRRO",3771-909,"OLIVEIRA DO BAIRRO"
LOJA,"CTT OLIVEIRA DO BAIRRO",3771-911,"OLIVEIRA DO BAIRRO"
LOJA,"CTT OLIVEIRA DO BAIRRO",3771-951,"OLIVEIRA DO BAIRRO"
LOJA,"CTT OLIVEIRA DO BAIRRO",3771-953,"OLIVEIRA DO BAIRRO"
LOJA,"CTT OLIVEIRA DO BAIRRO",3771-954,"OLIVEIRA DO BAIRRO"
PC,"AVELÃS DE CAMINHO",3781-901,"AVELÃS DE CAMINHO"
PC,"PAREDES DO BAIRRO",3781-902,"PAREDES DO BAIRRO"
PC,"AMOREIRA DA GÂNDARA",3781-903,"AMOREIRA DA GÂNDARA"
PC,POUTENA,3781-904,"VILARINHO DO BAIRRO"
PC,CURIA,3781-906,TAMENGOS
PC,SANGALHOS,3781-908,SANGALHOS
LOJA,"CTT ANADIA",3781-909,ANADIA
LOJA,"CTT TABOEIRA (AVEIRO)",3801-101,AVEIRO
PC,"S JACINTO",3801-401,"SÃO JACINTO"
PC,EIXO,3801-501,EIXO
PC,EIXO,3801-551,EIXO
PC,CACIA,3801-601,CACIA
PC,CACIA,3801-652,CACIA
PC,CACIA,3801-653,CACIA
LOJA,"CTT ESGUEIRA",3801-801,AVEIRO
LOJA,"CTT ESGUEIRA",3801-851,AVEIRO
LOJA,"CTT ESGUEIRA",3801-854,AVEIRO
LOJA,"CTT ESGUEIRA",3801-856,AVEIRO
LOJA,"CTT ESGUEIRA",3801-859,AVEIRO
LOJA,"CTT ESGUEIRA",3801-860,AVEIRO
LOJA,"CTT AVENIDA (AVEIRO)",3801-901,AVEIRO
LOJA,"CTT AVENIDA (AVEIRO)",3801-901,AVEIRO
LOJA,"CTT AVENIDA (AVEIRO)",3801-902,AVEIRO
LOJA,"CTT AVEIRO",3811-201,AVEIRO
PC,"COSTA DO VALADO",3811-501,OLIVEIRINHA
PC,"COSTA DO VALADO",3811-551,OLIVEIRINHA
PC,"COSTA DO VALADO",3811-552,OLIVEIRINHA
PC,"COSTA DO VALADO",3811-554,OLIVEIRINHA
PC,"S BERNARDO (AVEIRO)",3811-601,AVEIRO
PC,ARADAS,3811-801,AVEIRO
LOJA,"CTT AVEIRO",3811-901,AVEIRO
LOJA,"CTT AVEIRO",3811-902,AVEIRO
LOJA,"CTT AVEIRO",3811-903,AVEIRO
LOJA,"CTT AVEIRO",3811-904,AVEIRO
LOJA,"CTT AVEIRO",3811-905,AVEIRO
LOJA,"CTT AVEIRO",3811-911,AVEIRO
LOJA,"CTT AVEIRO",3811-912,AVEIRO
LOJA,"CTT AVEIRO",3811-957,AVEIRO
CDP,"3830 ÍLHAVO",3834-906,"GAFANHA DA ENCARNAÇÃO"
PC,"GAFANHA DA ENCARNAÇÃO",3834-907,"GAFANHA DA ENCARNAÇÃO"
LOJA,"CTT GAFANHA DA NAZARÉ",3834-908,"GAFANHA DA NAZARÉ"
LOJA,"CTT ÍLHAVO",3834-909,ÍLHAVO
PC,"GAFANHA DA VAGUEIRA",3841-906,"GAFANHA DA BOA HORA"
PC,"CALVÃO (VAGOS)",3841-907,"CALVÃO VGS"
LOJA,"CTT VAGOS",3841-909,VAGOS
PC,ANGEJA,3854-905,ANGEJA
PC,ALQUERUBIM,3854-906,ALQUERUBIM
PC,"BRANCA (ALBERGARIA A VELHA)",3854-908,"BRANCA ALB"
LOJA,"CTT ALBERGARIA-A-VELHA",3854-909,ALBERGARIA-A-VELHA
PC,PARDILHÓ,3861-701,PARDILHÓ
LOJA,"CTT ESTARREJA",3864-752,ESTARREJA
LOJA,"CTT ESTARREJA",3864-754,ESTARREJA
PC,AVANCA,3864-757,AVANCA
PC,AVANCA,3864-758,AVANCA
PC,AVANCA,3864-759,AVANCA
PC,AVANCA,3864-760,AVANCA
PC,AVANCA,3864-908,AVANCA
LOJA,"CTT ESTARREJA",3864-909,ESTARREJA
PC,SALREU,3866-909,SALREU
LOJA,"CTT MURTOSA",3871-909,MURTOSA
LOJA,"CTT OVAR",3881-901,OVAR
LOJA,"CTT OVAR",3881-902,OVAR
LOJA,"CTT OVAR",3881-903,OVAR
LOJA,"CTT OVAR",3881-904,OVAR
PC,"S VICENTE DE PEREIRA JUSÃ",3884-906,"S VICENTE DE PEREIRA JUSÃ"
PC,VÁLEGA,3884-907,VÁLEGA
PC,"FURADOURO (OVAR)",3884-995,OVAR
PC,MACEDA,3886-907,MACEDA
PC,CORTEGAÇA,3886-908,"CORTEGAÇA OVR"
LOJA,"CTT ESMORIZ",3886-909,ESMORIZ
LOJA,"CTT PALÁCIO DOS CORREIOS",4001-001,PORTO
LOJA,"CTT PALÁCIO DOS CORREIOS",4001-806,PORTO
LOJA,"CTT PALÁCIO DOS CORREIOS",4001-809,PORTO
LOJA,"CTT PALÁCIO DOS CORREIOS",4001-810,PORTO
LOJA,"CTT PALÁCIO DOS CORREIOS",4001-813,PORTO
LOJA,"CTT PALÁCIO DOS CORREIOS",4001-815,PORTO
LOJA,"CTT PALÁCIO DOS CORREIOS",4002-001,PORTO
LOJA,"CTT PALÁCIO DOS CORREIOS",4002-805,PORTO
LOJA,"CTT PALÁCIO DOS CORREIOS",4002-807,PORTO
LOJA,"CTT PALÁCIO DOS CORREIOS",4002-808,PORTO
LOJA,"CTT PALÁCIO DOS CORREIOS",4003-001,PORTO
LOJA,"CTT PALÁCIO DOS CORREIOS",4003-802,PORTO
LOJA,"CTT PALÁCIO DOS CORREIOS",4003-809,PORTO
LOJA,"CTT PALÁCIO DOS CORREIOS",4004-001,PORTO
LOJA,"CTT PALÁCIO DOS CORREIOS",4004-804,PORTO
LOJA,"CTT PALÁCIO DOS CORREIOS",4006-001,PORTO
LOJA,"CTT PALÁCIO DOS CORREIOS",4007-001,PORTO
LOJA,"CTT PALÁCIO DOS CORREIOS",4007-803,PORTO
LOJA,"CTT PALÁCIO DOS CORREIOS",4007-806,PORTO
LOJA,"CTT PALÁCIO DOS CORREIOS",4007-807,PORTO
LOJA,"CTT PALÁCIO DOS CORREIOS",4008-001,PORTO
LOJA,"CTT PALÁCIO DOS CORREIOS",4008-804,PORTO
LOJA,"CTT PALÁCIO DOS CORREIOS",4008-806,PORTO
LOJA,"CTT PALÁCIO DOS CORREIOS",4009-001,PORTO
LOJA,"CTT PALÁCIO DOS CORREIOS",4009-802,PORTO
LOJA,"CTT PALÁCIO DOS CORREIOS",4009-804,PORTO
LOJA,"CTT PALÁCIO DOS CORREIOS",4011-001,PORTO
LOJA,"CTT PALÁCIO DOS CORREIOS",4011-802,PORTO
LOJA,"CTT PALÁCIO DOS CORREIOS",4011-803,PORTO
LOJA,"CTT PALÁCIO DOS CORREIOS",4011-804,PORTO
LOJA,"CTT PALÁCIO DOS CORREIOS",4011-805,PORTO
LOJA,"CTT PALÁCIO DOS CORREIOS",4012-001,PORTO
LOJA,"CTT PALÁCIO DOS CORREIOS",4012-801,PORTO
LOJA,"CTT PALÁCIO DOS CORREIOS",4012-804,PORTO
LOJA,"CTT PALÁCIO DOS CORREIOS",4012-805,PORTO
LOJA,"CTT PALÁCIO DOS CORREIOS",4012-806,PORTO
LOJA,"CTT PALÁCIO DOS CORREIOS",4013-001,PORTO
LOJA,"CTT PALÁCIO DOS CORREIOS",4014-001,PORTO
LOJA,"CTT PALÁCIO DOS CORREIOS",4014-803,PORTO
LOJA,"CTT PALÁCIO DOS CORREIOS",4016-001,PORTO
LOJA,"CTT PALÁCIO DOS CORREIOS",4016-805,PORTO
LOJA,"CTT PALÁCIO DOS CORREIOS",4017-001,PORTO
LOJA,"CTT PALÁCIO DOS CORREIOS",4017-803,PORTO
LOJA,"CTT PALÁCIO DOS CORREIOS",4017-804,PORTO
LOJA,"CTT PALÁCIO DOS CORREIOS",4017-805,PORTO
LOJA,"CTT PALÁCIO DOS CORREIOS",4017-806,PORTO
LOJA,"CTT PALÁCIO DOS CORREIOS",4017-807,PORTO
LOJA,"CTT PALÁCIO DOS CORREIOS",4018-001,PORTO
LOJA,"CTT PALÁCIO DOS CORREIOS",4018-802,PORTO
LOJA,"CTT PALÁCIO DOS CORREIOS",4018-803,PORTO
LOJA,"CTT PALÁCIO DOS CORREIOS",4018-804,PORTO
LOJA,"CTT PALÁCIO DOS CORREIOS",4019-001,PORTO
LOJA,"CTT PALÁCIO DOS CORREIOS",4019-801,PORTO
LOJA,"CTT PALÁCIO DOS CORREIOS",4019-802,PORTO
LOJA,"CTT PALÁCIO DOS CORREIOS",4021-001,PORTO
LOJA,"CTT PALÁCIO DOS CORREIOS",4021-801,PORTO
LOJA,"CTT PALÁCIO DOS CORREIOS",4021-802,PORTO
LOJA,"CTT PALÁCIO DOS CORREIOS",4022-001,PORTO
LOJA,"CTT PALÁCIO DOS CORREIOS",4022-801,PORTO
LOJA,"CTT PALÁCIO DOS CORREIOS",4023-001,PORTO
LOJA,"CTT PALÁCIO DOS CORREIOS",4024-001,PORTO
LOJA,"CTT PALÁCIO DOS CORREIOS",4026-001,PORTO
LOJA,"CTT PALÁCIO DOS CORREIOS",4027-001,PORTO
LOJA,"CTT PALÁCIO DOS CORREIOS",4027-801,PORTO
LOJA,"CTT PALÁCIO DOS CORREIOS",4027-802,PORTO
LOJA,"CTT BATALHA (PORTO)",4031-401,PORTO
LOJA,"CTT BATALHA (PORTO)",4031-451,PORTO
LOJA,"CTT BATALHA (PORTO)",4031-452,PORTO
LOJA,"CTT BATALHA (PORTO)",4031-453,PORTO
LOJA,"CTT BATALHA (PORTO)",4031-454,PORTO
LOJA,"CTT BATALHA (PORTO)",4031-455,PORTO
LOJA,"CTT PEDRO HISPANO (PORTO)",4101-001,PORTO
LOJA,"CTT PEDRO HISPANO (PORTO)",4101-801,PORTO
LOJA,"CTT PEDRO HISPANO (PORTO)",4101-804,PORTO
LOJA,"CTT PEDRO HISPANO (PORTO)",4101-807,PORTO
LOJA,"CTT PEDRO HISPANO (PORTO)",4101-816,PORTO
LOJA,"CTT PEDRO HISPANO (PORTO)",4102-002,PORTO
LOJA,"CTT PEDRO HISPANO (PORTO)",4102-802,PORTO
LOJA,"CTT PEDRO HISPANO (PORTO)",4103-003,PORTO
LOJA,"CTT PEDRO HISPANO (PORTO)",4103-801,PORTO
LOJA,"CTT PEDRO HISPANO (PORTO)",4104-004,PORTO
LOJA,"CTT PEDRO HISPANO (PORTO)",4104-801,PORTO
LOJA,"CTT PEDRO HISPANO (PORTO)",4106-005,PORTO
LOJA,"CTT PEDRO HISPANO (PORTO)",4106-802,PORTO
LOJA,"CTT PEDRO HISPANO (PORTO)",4107-006,PORTO
LOJA,"CTT PEDRO HISPANO (PORTO)",4107-801,PORTO
LOJA,"CTT PEDRO HISPANO (PORTO)",4108-007,PORTO
LOJA,"CTT PEDRO HISPANO (PORTO)",4108-007,PORTO
LOJA,"CTT PEREIRÓ (PORTO)",4109-601,PORTO
LOJA,"CTT PEREIRÓ (PORTO)",4109-852,PORTO
LOJA,"CTT PEREIRÓ (PORTO)",4109-853,PORTO
LOJA,"CTT PEREIRÓ (PORTO)",4109-855,PORTO
PC,"LORDELO DO OURO (PORTO)",4151-701,PORTO
LOJA,"CTT FOZ DO DOURO (PORTO)",4151-851,PORTO
PC,"LORDELO DO OURO (PORTO)",4151-853,PORTO
PC,"LORDELO DO OURO (PORTO)",4151-854,PORTO
LOJA,"CTT FOZ DO DOURO (PORTO)",4151-901,PORTO
PC,"CAMPO ALEGRE",4151-902,PORTO
LOJA,"CTT SÃO JOÃO (PORTO)",4202-301,PORTO
LOJA,"CTT SÃO JOÃO (PORTO)",4202-351,PORTO
LOJA,"CTT SÃO JOÃO (PORTO)",4202-401,PORTO
LOJA,"CTT SÃO JOÃO (PORTO)",4202-451,PORTO
CDP,"4200 PORTO",4202-800,PORTO
LOJA,"CTT EÇA DE QUEIRÓS (PORTO)",4202-801,PORTO
LOJA,"CTT EÇA DE QUEIRÓS (PORTO)",4202-802,PORTO
LOJA,"CTT EÇA DE QUEIRÓS (PORTO)",4202-803,PORTO
LOJA,"CTT CARVALHIDO (PORTO)",4251-901,PORTO
PC,"AZEVEDO (PORTO)",4306-501,PORTO
LOJA,"CTT BONFIM (PORTO)",4306-901,PORTO
LOJA,"CTT BONFIM (PORTO)",4306-902,PORTO
LOJA,"CTT BONFIM (PORTO)",4306-903,PORTO
LOJA,"CTT BONFIM (PORTO)",4306-904,PORTO
LOJA,"CTT CANIDELO (VILA NOVA DE GAIA)",4401-101,"VILA NOVA DE GAIA"
PC,"AFURADA (VILA NOVA DE GAIA)",4401-401,"VILA NOVA DE GAIA"
PC,"CANDAL (VILA NOVA DE GAIA)",4401-601,"VILA NOVA DE GAIA"
LOJA,"CTT DEVESAS (VILA NOVA DE GAIA)",4401-901,"VILA NOVA DE GAIA"
LOJA,"CTT DEVESAS (VILA NOVA DE GAIA)",4401-951,"VILA NOVA DE GAIA"
LOJA,"CTT DEVESAS (VILA NOVA DE GAIA)",4401-952,"VILA NOVA DE GAIA"
LOJA,"CTT DEVESAS (VILA NOVA DE GAIA)",4401-953,"VILA NOVA DE GAIA"
PC,"VILAR DO PARAÍSO",4406-301,"VILA NOVA DE GAIA"
PC,"MADALENA (VILA NOVA DE GAIA)",4406-601,"VILA NOVA DE GAIA"
LOJA,"CTT VALADARES",4406-901,"VILA NOVA DE GAIA"
LOJA,"CTT VALADARES",4406-951,"VILA NOVA DE GAIA"
LOJA,"CTT VALADARES",4406-952,"VILA NOVA DE GAIA"
LOJA,"CTT VALADARES",4406-953,"VILA NOVA DE GAIA"
LOJA,"CTT VALADARES",4406-957,"VILA NOVA DE GAIA"
LOJA,"CTT VALADARES",4406-959,"VILA NOVA DE GAIA"
LOJA,"CTT CANELAS (VILA NOVA DE GAIA)",4411-701,"CANELAS VNG"
LOJA,"CTT ARCOZELO (VILA NOVA DE GAIA)",4411-801,"ARCOZELO VNG"
LOJA,"CTT PRAIA DA GRANJA",4411-901,"SÃO FELIX DA MARINHA"
LOJA,"CTT FEITEIRA (VILA NOVA DE GAIA)",4416-401,"GRIJÓ VNG"
PC,CRESTUMA,4416-501,CRESTUMA
PC,SANDIM,4416-601,SANDIM
PC,"GRIJÓ (VILA NOVA DE GAIA)",4416-801,"GRIJÓ VNG"
LOJA,"CTT CARVALHOS",4416-852,PEDROSO
LOJA,"CTT CARVALHOS",4416-855,PEDROSO
LOJA,"CTT CARVALHOS",4416-856,PEDROSO
LOJA,"CTT CARVALHOS",4416-857,PEDROSO
LOJA,"CTT CARVALHOS",4416-859,PEDROSO
LOJA,"CTT CARVALHOS",4416-860,PEDROSO
LOJA,"CTT CARVALHOS",4416-862,PEDROSO
LOJA,"CTT CARVALHOS",4416-863,PEDROSO
LOJA,"CTT CARVALHOS",4416-864,PEDROSO
LOJA,"CTT CARVALHOS",4416-868,PEDROSO
LOJA,"CTT CARVALHOS",4416-869,PEDROSO
LOJA,"CTT CARVALHOS",4416-870,PEDROSO
LOJA,"CTT CARVALHOS",4416-871,PEDROSO
LOJA,"CTT CARVALHOS",4416-872,PEDROSO
PC,CRESTUMA,4416-873,CRESTUMA
PC,CRESTUMA,4416-874,CRESTUMA
PC,CRESTUMA,4416-875,CRESTUMA
LOJA,"CTT FEITEIRA (VILA NOVA DE GAIA)",4416-877,"GRIJÓ VNG"
LOJA,"CTT FEITEIRA (VILA NOVA DE GAIA)",4416-879,"GRIJÓ VNG"
LOJA,"CTT FEITEIRA (VILA NOVA DE GAIA)",4416-880,"GRIJÓ VNG"
LOJA,"CTT FEITEIRA (VILA NOVA DE GAIA)",4416-882,"GRIJÓ VNG"
LOJA,"CTT FEITEIRA (VILA NOVA DE GAIA)",4416-883,"GRIJÓ VNG"
LOJA,"CTT FEITEIRA (VILA NOVA DE GAIA)",4416-884,"GRIJÓ VNG"
LOJA,"CTT FEITEIRA (VILA NOVA DE GAIA)",4416-885,"GRIJÓ VNG"
PC,"GRIJÓ (VILA NOVA DE GAIA)",4416-887,"GRIJÓ VNG"
PC,"GRIJÓ (VILA NOVA DE GAIA)",4416-888,"GRIJÓ VNG"
PC,"GRIJÓ (VILA NOVA DE GAIA)",4416-889,"GRIJÓ VNG"
PC,"GRIJÓ (VILA NOVA DE GAIA)",4416-890,"GRIJÓ VNG"
PC,SANDIM,4416-893,SANDIM
LOJA,"CTT CARVALHOS",4416-901,PEDROSO
PC,VALBOM,4424-908,"VALBOM GDM"
LOJA,"CTT GONDOMAR",4424-909,GONDOMAR
LOJA,"CTT ÁGUAS SANTAS (MAIA)",4426-909,MAIA
LOJA,"CTT OLIVEIRA DO DOURO ",4431-601,"VILA NOVA DE GAIA"
LOJA,"CTT AVINTES",4431-801,AVINTES
LOJA,"CTT AVINTES",4431-851,AVINTES
LOJA,"CTT AVINTES",4431-852,AVINTES
LOJA,"CTT VILA NOVA DE GAIA",4431-901,"VILA NOVA DE GAIA"
LOJA,"CTT VILA NOVA DE GAIA",4431-902,"VILA NOVA DE GAIA"
LOJA,"CTT VILA NOVA DE GAIA",4431-903,"VILA NOVA DE GAIA"
LOJA,"CTT VILA NOVA DE GAIA",4431-904,"VILA NOVA DE GAIA"
LOJA,"CTT VILA NOVA DE GAIA",4431-905,"VILA NOVA DE GAIA"
LOJA,"CTT VILA NOVA DE GAIA",4431-906,"VILA NOVA DE GAIA"
LOJA,"CTT VILA NOVA DE GAIA",4431-907,"VILA NOVA DE GAIA"
LOJA,"CTT VILA NOVA DE GAIA",4431-911,"VILA NOVA DE GAIA"
LOJA,"CTT VILA NOVA DE GAIA",4431-912,"VILA NOVA DE GAIA"
LOJA,"CTT VILA NOVA DE GAIA",4431-913,"VILA NOVA DE GAIA"
LOJA,"CTT VILA NOVA DE GAIA",4431-952,"VILA NOVA DE GAIA"
LOJA,"CTT VILA NOVA DE GAIA",4431-953,"VILA NOVA DE GAIA"
LOJA,"CTT VILA NOVA DE GAIA",4431-954,"VILA NOVA DE GAIA"
LOJA,"CTT VILA NOVA DE GAIA",4431-956,"VILA NOVA DE GAIA"
LOJA,"CTT BAGUIM DO MONTE",4436-906,"BAGUIM DO MONTE"
LOJA,"CTT S CAETANO (GONDOMAR)",4436-907,"RIO TINTO"
LOJA,"CTT RIO TINTO",4436-909,"RIO TINTO"
LOJA,"CTT S CAETANO (GONDOMAR)",4436-910,"RIO TINTO"
LOJA,"CTT VALONGO",4444-909,VALONGO
CDP,"4445 ERMESINDE",4446-907,ERMESINDE
LOJA,"CTT ALFENA",4446-908,ALFENA
LOJA,"CTT ERMESINDE",4446-909,ERMESINDE
LOJA,"CTT LEÇA DA PALMEIRA",4451-801,MATOSINHOS
LOJA,"CTT LEÇA DA PALMEIRA",4451-851,MATOSINHOS
LOJA,"CTT LEÇA DA PALMEIRA",4451-852,MATOSINHOS
LOJA,"CTT MATOSINHOS",4451-901,MATOSINHOS
LOJA,"CTT MATOSINHOS",4451-953,MATOSINHOS
LOJA,"CTT MATOSINHOS",4451-956,MATOSINHOS
LOJA,"CTT MATOSINHOS",4451-958,MATOSINHOS
LOJA,"CTT FREIXIEIRO",4456-901,PERAFITA
LOJA,"CTT SENHORA DA HORA",4461-854,"SENHORA DA HORA"
LOJA,"CTT SENHORA DA HORA",4461-855,"SENHORA DA HORA"
LOJA,"CTT SENHORA DA HORA",4461-857,"SENHORA DA HORA"
LOJA,"CTT SENHORA DA HORA",4461-858,"SENHORA DA HORA"
LOJA,"CTT SENHORA DA HORA",4461-860,"SENHORA DA HORA"
LOJA,"CTT SENHORA DA HORA",4461-861,"SENHORA DA HORA"
LOJA,"CTT SENHORA DA HORA",4461-862,"SENHORA DA HORA"
LOJA,"CTT SENHORA DA HORA",4461-864,"SENHORA DA HORA"
LOJA,"CTT SENHORA DA HORA",4461-865,"SENHORA DA HORA"
LOJA,"CTT SENHORA DA HORA",4461-866,"SENHORA DA HORA"
LOJA,"CTT SENHORA DA HORA",4461-867,"SENHORA DA HORA"
LOJA,"CTT SENHORA DA HORA",4461-901,"SENHORA DA HORA"
LOJA,"CTT S MAMEDE DE INFESTA",4466-801,"SÃO MAMEDE DE INFESTA"
LOJA,"CTT S MAMEDE DE INFESTA",4466-851,"SÃO MAMEDE DE INFESTA"
LOJA,"CTT S MAMEDE DE INFESTA",4466-865,"SÃO MAMEDE DE INFESTA"
LOJA,"CTT S MAMEDE DE INFESTA",4466-866,"SÃO MAMEDE DE INFESTA"
LOJA,"CTT S MAMEDE DE INFESTA",4466-868,"SÃO MAMEDE DE INFESTA"
LOJA,"CTT S MAMEDE DE INFESTA",4466-869,"SÃO MAMEDE DE INFESTA"
LOJA,"CTT S MAMEDE DE INFESTA",4466-870,"SÃO MAMEDE DE INFESTA"
LOJA,"CTT S MAMEDE DE INFESTA",4466-901,"SÃO MAMEDE DE INFESTA"
LOJA,"CTT S MAMEDE DE INFESTA",4466-951,"SÃO MAMEDE DE INFESTA"
LOJA,"CTT S MAMEDE DE INFESTA",4466-952,"SÃO MAMEDE DE INFESTA"
LOJA,"CTT S MAMEDE DE INFESTA",4466-953,"SÃO MAMEDE DE INFESTA"
LOJA,"CTT S MAMEDE DE INFESTA",4466-954,"SÃO MAMEDE DE INFESTA"
LOJA,"CTT S MAMEDE DE INFESTA",4466-955,"SÃO MAMEDE DE INFESTA"
LOJA,"CTT S MAMEDE DE INFESTA",4466-957,"SÃO MAMEDE DE INFESTA"
PC,GUEIFÃES,4471-904,MAIA
LOJA,"CTT AEROPORTO DO PORTO",4471-905,MAIA
LOJA,"CTT TECMAIA",4471-907,MAIA
LOJA,"CTT TECMAIA",4471-908,MAIA
LOJA,"CTT MAIA",4471-909,MAIA
PC,"NOGUEIRA (MAIA)",4476-701,MAIA
LOJA,"CTT CASTELO DA MAIA",4476-909,MAIA
LOJA,"CTT CAXINAS",4481-908,"VILA DO CONDE"
LOJA,"CTT VILA DO CONDE",4481-909,"VILA DO CONDE"
LOJA,"CTT VILA DO CONDE",4481-910,"VILA DO CONDE"
LOJA,"CTT VILA DO CONDE",4481-911,"VILA DO CONDE"
LOJA,"CTT VILA DO CONDE",4481-912,"VILA DO CONDE"
LOJA,"CTT VILA DO CONDE",4481-913,"VILA DO CONDE"
LOJA,"CTT VILA DO CONDE",4481-914,"VILA DO CONDE"
LOJA,"CTT VILA DO CONDE",4481-915,"VILA DO CONDE"
LOJA,"CTT VILA DO CONDE",4481-951,"VILA DO CONDE"
LOJA,"CTT VILA DO CONDE",4481-952,"VILA DO CONDE"
LOJA,"CTT VILA DO CONDE",4481-953,"VILA DO CONDE"
LOJA,"CTT VILA DO CONDE",4481-954,"VILA DO CONDE"
LOJA,"CTT PÓVOA DE VARZIM",4494-909,"PÓVOA DE VARZIM"
CDP,"4490 PÓVOA DE VARZIM",4496-903,"PÓVOA DE VARZIM"
LOJA,"CTT ESPINHO",4501-854,ESPINHO
LOJA,"CTT ESPINHO",4501-901,ESPINHO
CDP,"4500 ESPINHO",4501-902,ESPINHO
LOJA,"CTT ESPINHO",4501-908,ESPINHO
LOJA,"CTT ESPINHO",4501-909,ESPINHO
LOJA,"CTT ESPINHO",4501-910,ESPINHO
LOJA,"CTT ESPINHO",4501-911,ESPINHO
LOJA,"CTT ESPINHO",4501-912,ESPINHO
LOJA,"CTT ESPINHO",4501-913,ESPINHO
LOJA,"CTT ESPINHO",4501-914,ESPINHO
LOJA,"CTT ESPINHO",4501-951,ESPINHO
PC,"CALDAS DE SÃO JORGE",4509-903,"CALDAS DE SÃO JORGE"
PC,ARGONCILHE,4509-905,ARGONCILHE
LOJA,"CTT FIÃES",4509-908,"FIÃES VFR"
LOJA,"CTT S PEDRO DA COVA",4514-909,"SÃO PEDRO DA COVA"
PC,"SOUTO (SANTA MARIA DA FEIRA)",4524-906,"SOUTO VFR"
LOJA,"CTT RIO MEÃO",4524-907,"RIO MEÃO"
PC,ESCAPÃES,4524-908,ESCAPÃES
LOJA,"CTT SANTA MARIA DA FEIRA",4524-909,"SANTA MARIA DA FEIRA"
PC,"S JOÃO DE VER",4524-910,"SÃO JOÃO DE VER"
LOJA,"CTT ESPARGO",4524-911,ESPARGO
PC,MOZELOS,4536-902,"MOZELOS VFR"
PC,"SANTA MARIA DE LAMAS",4536-904,"SANTA MARIA DE LAMAS"
PC,"PAÇOS DE BRANDÃO",4536-906,"PAÇOS DE BRANDÃO"
PC,"S PAIO DE OLEIROS",4536-907,"SÃO PAIO DE OLEIROS"
LOJA,"CTT LOUROSA",4536-909,LOUROSA
PC,ESCARIZ,4541-701,ESCARIZ
PC,"CHAVE (AROUCA)",4541-801,CHAVE
LOJA,"CTT AROUCA",4541-909,AROUCA
LOJA,"CTT CASTELO DE PAIVA",4551-909,"CASTELO DE PAIVA"
PC,"PAÇO DE SOUSA",4564-908,"PAÇO DE SOUSA"
LOJA,"CTT PENAFIEL",4564-909,PENAFIEL
PC,"RIO DE MOINHOS (PENAFIEL)",4576-601,"RIO DE MOINHOS PNF"
PC,ALPENDURADA,4576-701,"ALPENDURADA E MATOS"
PC,"TERMAS DE SÃO VICENTE",4576-908,"PINHEIRO PNF"
PC,ENTRE-OS-RIOS,4576-909,ENTRE-OS-RIOS
CDP,"4580 PAREDES",4584-903,PAREDES
PC,CETE,4584-906,CETE
LOJA,"CTT LORDELO (PAREDES)",4584-908,LORDELO
LOJA,"CTT PAREDES",4584-909,PAREDES
PC,RECAREI,4586-401,RECAREI
PC,BALTAR,4586-801,BALTAR
PC,"FREGUESIA DE GANDRA (PAREDES)",4586-901,GANDRA
LOJA,"CTT REBORDOSA",4589-907,REBORDOSA
PC,FREAMUNDE,4591-908,FREAMUNDE
LOJA,"CTT PAÇOS DE FERREIRA",4591-909,"PAÇOS DE FERREIRA"
LOJA,"CTT AMARANTE",4601-909,AMARANTE
PC,"100 LETRAS (VILA MEÃ)",4606-909,"VILA MEÃ"
LOJA,"CTT FELGUEIRAS",4611-909,FELGUEIRAS
LOJA,"CTT LIXA",4616-909,LIXA
PC,"SENHORA APARECIDA",4621-907,TORNO
PC,CAÍDE,4621-908,"CAÍDE DE REI"
LOJA,"CTT LOUSADA",4621-909,LOUSADA
LOJA,"CTT MARCO DE CANAVESES",4634-909,"MARCO DE CANAVESES"
PC,"SANTA MARINHA DO ZÊZERE",4641-908,"SANTA MARINHA DO ZÊZERE"
LOJA,"CTT BAIÃO",4641-909,BAIÃO
PC,"BARROSAS (FELGUEIRAS)",4651-901,IDÃES
PC,LONGRA,4651-908,RANDE
PC,"S MARTINHO DE MOUROS",4661-907,"SÃO MARTINHO DE MOUROS"
PC,"CALDAS DE AREGOS",4661-908,ANREADE
LOJA,"CTT RESENDE",4661-909,RESENDE
LOJA,"CTT CINFÃES",4691-909,CINFÃES
LOJA,"CTT MAXIMINOS (BRAGA)",4701-901,BRAGA
LOJA,"CTT MAXIMINOS (BRAGA)",4701-902,BRAGA
LOJA,"CTT MAXIMINOS (BRAGA)",4701-903,BRAGA
LOJA,"CTT MAXIMINOS (BRAGA)",4701-904,BRAGA
LOJA,"CTT MAXIMINOS (BRAGA)",4701-905,BRAGA
LOJA,"CTT MAXIMINOS (BRAGA)",4701-906,BRAGA
LOJA,"CTT MAXIMINOS (BRAGA)",4701-907,BRAGA
LOJA,"CTT MAXIMINOS (BRAGA)",4701-908,BRAGA
LOJA,"CTT MAXIMINOS (BRAGA)",4701-909,BRAGA
LOJA,"CTT MAXIMINOS (BRAGA)",4701-910,BRAGA
LOJA,"CTT MAXIMINOS (BRAGA)",4701-911,BRAGA
LOJA,"CTT MAXIMINOS (BRAGA)",4701-912,BRAGA
LOJA,"CTT MAXIMINOS (BRAGA)",4701-913,BRAGA
LOJA,"CTT MAXIMINOS (BRAGA)",4701-914,BRAGA
LOJA,"CTT MAXIMINOS (BRAGA)",4701-915,BRAGA
LOJA,"CTT MAXIMINOS (BRAGA)",4701-916,BRAGA
LOJA,"CTT MAXIMINOS (BRAGA)",4701-917,BRAGA
LOJA,"CTT MAXIMINOS (BRAGA)",4701-918,BRAGA
LOJA,"CTT MAXIMINOS (BRAGA)",4701-951,BRAGA
LOJA,"CTT MAXIMINOS (BRAGA)",4701-952,BRAGA
LOJA,"CTT MAXIMINOS (BRAGA)",4701-956,BRAGA
LOJA,"CTT MAXIMINOS (BRAGA)",4701-957,BRAGA
LOJA,"CTT MAXIMINOS (BRAGA)",4701-958,BRAGA
LOJA,"CTT MAXIMINOS (BRAGA)",4701-959,BRAGA
PC,TADIM,4706-909,TADIM
LOJA,"CTT ROTUNDA (BRAGA)",4711-852,BRAGA
LOJA,"CTT ROTUNDA (BRAGA)",4711-856,BRAGA
LOJA,"CTT ROTUNDA (BRAGA)",4711-907,BRAGA
LOJA,"CTT AVENIDA (BRAGA)",4711-909,BRAGA
LOJA,"CTT AVENIDA (BRAGA)",4711-910,BRAGA
LOJA,"CTT AVENIDA (BRAGA)",4711-911,BRAGA
LOJA,"CTT AVENIDA (BRAGA)",4711-912,BRAGA
LOJA,"CTT AVENIDA (BRAGA)",4711-913,BRAGA
LOJA,"CTT AVENIDA (BRAGA)",4711-914,BRAGA
LOJA,"CTT AVENIDA (BRAGA)",4711-915,BRAGA
LOJA,"CTT AVENIDA (BRAGA)",4711-916,BRAGA
LOJA,"CTT AVENIDA (BRAGA)",4711-917,BRAGA
LOJA,"CTT AVENIDA (BRAGA)",4711-921,BRAGA
LOJA,"CTT AVENIDA (BRAGA)",4711-922,BRAGA
LOJA,"CTT AVENIDA (BRAGA)",4711-951,BRAGA
LOJA,"CTT AVENIDA (BRAGA)",4711-952,BRAGA
LOJA,"CTT AVENIDA (BRAGA)",4711-953,BRAGA
LOJA,"CTT AVENIDA (BRAGA)",4711-954,BRAGA
LOJA,"CTT AVENIDA (BRAGA)",4711-959,BRAGA
LOJA,"CTT LAMAÇÃES",4716-909,BRAGA
LOJA,"CTT FEIRA NOVA (AMARES)",4721-907,"FERREIROS AMR"
PC,CALDELAS,4721-908,CALDELAS
CDP,"4730 VILA VERDE",4731-906,TURIZ
LOJA,"CTT VILA DE PRADO",4731-908,"VILA DE PRADO"
LOJA,"CTT VILA VERDE",4731-909,"VILA VERDE"
PC,"APÚLIA (ESPOSENDE)",4741-907,APÚLIA
PC,FÃO,4741-908,FÃO
LOJA,"CTT ESPOSENDE",4741-909,ESPOSENDE
LOJA,"CTT CORONADO (SÃO ROMÃO)",4746-909,"SÃO ROMÃO CORONADO"
LOJA,"CTT CALÇADAS (BARCELOS)",4754-908,BARCELOS
LOJA,"CTT BARCELOS",4754-909,BARCELOS
PC,"LOUSADO VNF",4761-906,LOUSADO
CDP,"4760 VILA NOVA DE FAMALICÃO",4761-907,"VILA NOVA DE FAMALICÃO"
LOJA,"CTT RIBEIRÃO",4761-908,RIBEIRÃO
LOJA,"CTT VILA NOVA DE FAMALICÃO",4761-909,"VILA NOVA DE FAMALICÃO"
LOJA,"CTT VILA NOVA DE FAMALICÃO",4761-911,"VILA NOVA DE FAMALICÃO"
LOJA,"CTT VILA NOVA DE FAMALICÃO",4761-912,"VILA NOVA DE FAMALICÃO"
LOJA,"CTT VILA NOVA DE FAMALICÃO",4761-913,"VILA NOVA DE FAMALICÃO"
LOJA,"CTT VILA NOVA DE FAMALICÃO",4761-914,"VILA NOVA DE FAMALICÃO"
LOJA,"CTT VILA NOVA DE FAMALICÃO",4761-915,"VILA NOVA DE FAMALICÃO"
LOJA,"CTT VILA NOVA DE FAMALICÃO",4761-916,"VILA NOVA DE FAMALICÃO"
LOJA,"CTT VILA NOVA DE FAMALICÃO",4761-917,"VILA NOVA DE FAMALICÃO"
LOJA,"CTT VILA NOVA DE FAMALICÃO",4761-918,"VILA NOVA DE FAMALICÃO"
LOJA,"CTT VILA NOVA DE FAMALICÃO",4761-919,"VILA NOVA DE FAMALICÃO"
LOJA,"CTT VILA NOVA DE FAMALICÃO",4761-920,"VILA NOVA DE FAMALICÃO"
LOJA,"CTT VILA NOVA DE FAMALICÃO",4761-921,"VILA NOVA DE FAMALICÃO"
LOJA,"CTT VILA NOVA DE FAMALICÃO",4761-922,"VILA NOVA DE FAMALICÃO"
LOJA,"CTT VILA NOVA DE FAMALICÃO",4761-923,"VILA NOVA DE FAMALICÃO"
LOJA,"CTT VILA NOVA DE FAMALICÃO",4761-924,"VILA NOVA DE FAMALICÃO"
LOJA,"CTT VILA NOVA DE FAMALICÃO",4761-925,"VILA NOVA DE FAMALICÃO"
LOJA,"CTT VILA NOVA DE FAMALICÃO",4761-926,"VILA NOVA DE FAMALICÃO"
LOJA,"CTT VILA NOVA DE FAMALICÃO",4761-927,"VILA NOVA DE FAMALICÃO"
LOJA,"CTT VILA NOVA DE FAMALICÃO",4761-928,"VILA NOVA DE FAMALICÃO"
LOJA,"CTT VILA NOVA DE FAMALICÃO",4761-929,"VILA NOVA DE FAMALICÃO"
PC,"LOUSADO VNF",4764-906,LOUSADO
PC,BAIRRO,4766-701,BAIRRO
PC,DELÃES,4766-908,DELÃES
PC,"RIBA DE AVE (VNF)",4766-909,"RIBA DE AVE"
PC,"RIBA DE AVE (VNF)",4766-914,"RIBA DE AVE"
PC,"RIBA DE AVE (VNF)",4766-918,"RIBA DE AVE"
LOJA,"CTT POUSADA DE SARAMAGOS",4771-909,"POUSADA DE SARAMAGOS"
PC,NINE,4776-909,NINE
CDP,"4780 SANTO TIRSO",4781-907,"SANTO TIRSO"
PC,"CALDAS DA SAÚDE",4784-908,"AREIAS STS"
LOJA,"CTT SANTO TIRSO",4784-909,"SANTO TIRSO"
LOJA,"CTT TROFA",4786-909,TROFA
LOJA,"CTT VILA DAS AVES",4796-908,AVES
PC,"S MARTINHO DO CAMPO",4796-909,"SÃO MARTINHO CAMPO"
LOJA,"CTT GUIMARÃES",4801-909,GUIMARÃES
LOJA,"CTT GUIMARÃES",4801-910,GUIMARÃES
LOJA,"CTT GUIMARÃES",4801-911,GUIMARÃES
LOJA,"CTT GUIMARÃES",4801-912,GUIMARÃES
LOJA,"CTT GUIMARÃES",4801-913,GUIMARÃES
LOJA,"CTT GUIMARÃES",4801-914,GUIMARÃES
LOJA,"CTT GUIMARÃES",4801-915,GUIMARÃES
LOJA,"CTT CALDAS DAS TAIPAS",4806-856,"CALDAS DAS TAIPAS"
PC,"BRITO (GUIMARÃES)",4806-908,BRITO
LOJA,"CTT CALDAS DAS TAIPAS",4806-909,"CALDAS DAS TAIPAS"
LOJA,"CTT URGEZES (GUIMARÃES)",4811-909,GUIMARÃES
LOJA,"CTT VIZELA",4816-901,VIZELA
PC,"MOREIRA DE CÓNEGOS",4816-907,"MOREIRA DE CÓNEGOS"
PC,"LORDELO (GUIMARÃES)",4816-908,"LORDELO GMR"
LOJA,"CTT FAFE",4821-909,FAFE
LOJA,"CTT FAFE",4821-952,FAFE
PC,"PORTO DE AVE",4831-908,TAÍDE
LOJA,"CTT PÓVOA DE LANHOSO",4831-909,"PÓVOA DE LANHOSO"
LOJA,"CTT LAMEIRAS (GUIMARÃES)",4836-908,GUIMARÃES
LOJA,"CTT PEVIDÉM",4836-909,GUIMARÃES
PC,BOURO,4841-909,"TERRAS DE BOURO"
LOJA,"CTT VIEIRA DO MINHO",4851-909,"VIEIRA DO MINHO"
PC,CAVEZ,4861-701,CAVEZ
PC,"ARCO DE BAÚLHE",4861-801,"ARCO DE BAÚLHE"
LOJA,"CTT CABECEIRAS DE BASTO",4861-909,"CABECEIRAS DE BASTO"
PC,CERVA,4871-801,CERVA
LOJA,"CTT RIBEIRA DE PENA",4871-909,"RIBEIRA DE PENA"
PC,GANDARELA,4891-908,"BASTO (SÃO CLEMENTE)"
LOJA,"CTT CELORICO DE BASTO",4891-909,"CELORICO DE BASTO"
LOJA,"CTT ALTO MINHO",4901-851,"VIANA DO CASTELO"
LOJA,"CTT ALTO MINHO",4901-852,"VIANA DO CASTELO"
LOJA,"CTT ALTO MINHO",4901-853,"VIANA DO CASTELO"
LOJA,"CTT ALTO MINHO",4901-908,"VIANA DO CASTELO"
LOJA,"CTT VIANA DO CASTELO",4901-909,"VIANA DO CASTELO"
LOJA,"CTT VIANA DO CASTELO",4901-910,"VIANA DO CASTELO"
LOJA,"CTT VIANA DO CASTELO",4901-911,"VIANA DO CASTELO"
LOJA,"CTT VIANA DO CASTELO",4901-912,"VIANA DO CASTELO"
LOJA,"CTT BARROSELAS",4906-909,MUJÃES
LOJA,"CTT CAMINHA",4911-909,CAMINHA
LOJA,"CTT VILA NOVA DE CERVEIRA",4921-909,"VILA NOVA DE CERVEIRA"
PC,LANHESES,4926-909,LANHESES
PC,"SÃO PEDRO DA TORRE",4931-908,"SÃO PEDRO DA TORRE"
LOJA,"CTT VALENÇA",4931-909,VALENÇA
PC,"VILA NOVA DE ANHA",4936-908,"VILA NOVA DE ANHA"
PC,DARQUE,4936-909,"VIANA DO CASTELO"
LOJA,"CTT PAREDES DE COURA",4941-909,"PAREDES DE COURA"
PC,TANGIL,4951-701,TANGIL
LOJA,"CTT MONÇÃO",4951-909,MONÇÃO
LOJA,"CTT MELGAÇO",4961-909,MELGAÇO
LOJA,"CTT ARCOS DE VALDEVEZ",4971-909,"ARCOS DE VALDEVEZ"
LOJA,"CTT PONTE DA BARCA",4981-909,"PONTE DA BARCA"
LOJA,"CTT PONTE DE LIMA",4991-909,"PONTE DE LIMA"
LOJA,"CTT VILA REAL",5001-909,"VILA REAL"
LOJA,"CTT VILA REAL",5001-910,"VILA REAL"
LOJA,"CTT VILA REAL",5001-911,"VILA REAL"
LOJA,"CTT VILA REAL",5001-912,"VILA REAL"
LOJA,"CTT SANTA MARTA DE PENAGUIÃO",5031-909,"SANTA MARTA DE PENAGUIÃO"
LOJA,"CTT MESÃO FRIO",5041-909,"MESÃO FRIO"
LOJA,"CTT PESO DA RÉGUA",5051-909,"PESO DA RÉGUA"
LOJA,"CTT SABROSA",5061-909,SABROSA
LOJA,"CTT ALIJÓ",5071-909,ALIJÓ
PC,PINHÃO,5086-909,PINHÃO
LOJA,"CTT MURÇA",5091-909,MURÇA
LOJA,"CTT LAMEGO",5101-909,LAMEGO
LOJA,"CTT ARMAMAR",5111-909,ARMAMAR
LOJA,"CTT TABUAÇO",5121-909,TABUAÇO
LOJA,"CTT S JOÃO DA PESQUEIRA",5131-909,"SÃO JOÃO DA PESQUEIRA"
LOJA,"CTT CARRAZEDA DE ANSIÃES",5141-909,"CARRAZEDA DE ANSIÃES"
LOJA,"CTT VILA NOVA DE FOZ CÔA",5151-909,"VILA NOVA DE FOZ CÔA"
LOJA,"CTT TORRE DE MONCORVO",5161-909,"TORRE DE MONCORVO"
LOJA,"CTT FREIXO DE ESPADA À CINTA",5181-909,"FREIXO DE ESPADA À CINTA"
LOJA,"CTT MOGADOURO",5201-909,MOGADOURO
LOJA,"CTT MIRANDA DO DOURO",5211-909,"MIRANDA DO DOURO"
PC,SENDIM,5226-909,SENDIM
LOJA,"CTT VIMIOSO",5231-909,VIMIOSO
LOJA,"CTT BRAGANÇA",5301-901,BRAGANÇA
LOJA,"CTT BRAGANÇA",5301-902,BRAGANÇA
LOJA,"CTT BRAGANÇA",5301-903,BRAGANÇA
LOJA,"CTT CANTARIAS (BRAGANÇA)",5301-907,BRAGANÇA
LOJA,"CTT BRAGANÇA",5301-951,BRAGANÇA
LOJA,"CTT BRAGANÇA",5301-952,BRAGANÇA
LOJA,"CTT BRAGANÇA",5301-953,BRAGANÇA
LOJA,"CTT BRAGANÇA",5301-954,BRAGANÇA
LOJA,"CTT BRAGANÇA",5301-955,BRAGANÇA
LOJA,"CTT BRAGANÇA",5301-956,BRAGANÇA
LOJA,"CTT BRAGANÇA",5301-957,BRAGANÇA
LOJA,"CTT BRAGANÇA",5301-958,BRAGANÇA
LOJA,"CTT BRAGANÇA",5301-959,BRAGANÇA
LOJA,"CTT VINHAIS",5321-909,VINHAIS
LOJA,"CTT MACEDO DE CAVALEIROS",5341-909,"MACEDO DE CAVALEIROS"
LOJA,"CTT ALFÂNDEGA DA FÉ",5351-909,"ALFÂNDEGA DA FÉ"
LOJA,"CTT VILA FLOR",5361-801,"VILA FLOR"
LOJA,"CTT VILA FLOR",5361-909,"VILA FLOR"
LOJA,"CTT MIRANDELA",5371-909,MIRANDELA
PC,"TORRE DE DONA CHAMA",5386-909,"TORRE DE DONA CHAMA"
PC,"AVENIDA (CHAVES)",5401-907,CHAVES
PC,"VILA VERDE DA RAIA",5401-908,"VILA VERDE DA RAIA"
LOJA,"CTT CHAVES",5401-909,CHAVES
PC,VIDAGO,5426-909,VIDAGO
LOJA,"CTT VALPAÇOS",5431-909,VALPAÇOS
PC,"CARRAZEDO DE MONTENEGRO",5446-909,"CARRAZEDO DE MONTENEGRO"
PC,"PEDRAS SALGADAS",5451-908,"BORNES DE AGUIAR"
LOJA,"CTT VILA POUCA DE AGUIAR",5451-909,"VILA POUCA DE AGUIAR"
LOJA,"CTT BOTICAS",5461-909,BOTICAS
LOJA,"CTT MONTALEGRE",5471-909,MONTALEGRE
LOJA,"CTT ZONA INDUSTRIAL (CASTELO BRANCO)",6001-901,"CASTELO BRANCO"
PC,"CEBOLAIS DE CIMA",6001-902,"CEBOLAIS DE CIMA"
PC,TINALHAS,6001-904,TINALHAS
LOJA,"CTT CASTELO BRANCO",6001-909,"CASTELO BRANCO"
PC,"LOURIÇAL DO CAMPO",6006-906,"LOURIÇAL DO CAMPO"
PC,"ESCALOS DE CIMA",6006-908,"ESCALOS DE CIMA"
LOJA,"CTT ALCAINS",6006-909,ALCAINS
LOJA,"CTT PORTAS DE RODÃO",6031-909,"VILA VELHA DE RÓDÃO"
LOJA,"CTT GAVIÃO",6041-909,GAVIÃO
PC,ALPALHÃO,6051-908,ALPALHÃO
LOJA,"CTT NISA",6051-909,NISA
PC,MEDELIM,6061-906,MEDELIM
PC,"TERMAS DE MONFORTINHO",6061-908,MONFORTINHO
LOJA,"CTT IDANHA-A-NOVA",6061-909,IDANHA-A-NOVA
LOJA,"CTT PENAMACOR",6091-909,PENAMACOR
PC,"CERNACHE DO BONJARDIM",6101-908,"CERNACHE DO BONJARDIM"
LOJA,"CTT SERTÃ",6101-909,SERTÃ
LOJA,"CTT VILA DE REI",6111-909,"VILA DE REI"
LOJA,"CTT MAÇÃO",6121-909,MAÇÃO
PC,"SOBREIRA FORMOSA",6151-908,"SOBREIRA FORMOSA"
LOJA,"CTT PROENÇA-A-NOVA",6151-909,PROENÇA-A-NOVA
PC,MADEIRÃ,6161-908,MADEIRÃ
LOJA,"CTT OLEIROS",6161-909,OLEIROS
PC,TEIXOSO,6201-906,TEIXOSO
PC,"S LÁZARO (COVILHÃ)",6201-907,COVILHÃ
PC,TORTOSENDO,6201-908,TORTOSENDO
LOJA,"CTT COVILHÃ",6201-909,COVILHÃ
LOJA,"CTT COVILHÃ",6201-951,COVILHÃ
LOJA,"CTT COVILHÃ",6201-956,COVILHÃ
PC,"S LÁZARO (COVILHÃ)",6201-959,COVILHÃ
PC,PAÚL,6216-908,PAUL
PC,"UNHAIS DA SERRA",6216-909,"UNHAIS DA SERRA"
CDP,"6230 FUNDÃO",6231-906,FUNDÃO
PC,ALPEDRINHA,6231-907,ALPEDRINHA
PC,SILVARES,6231-908,"SILVARES FND"
LOJA,"CTT FUNDÃO",6231-909,FUNDÃO
LOJA,"CTT FUNDÃO",6231-911,FUNDÃO
LOJA,"CTT FUNDÃO",6231-912,FUNDÃO
PC,CARIA,6251-908,"CARIA BMT"
LOJA,"CTT BELMONTE",6251-909,BELMONTE
LOJA,"CTT MANTEIGAS",6261-909,MANTEIGAS
PC,LORIGA,6271-906,LORIGA
PC,"PARANHOS DA BEIRA",6271-907,"PARANHOS SEI"
PC,"S ROMÃO",6271-908,"SÃO ROMÃO SEI"
LOJA,"CTT SEIA",6271-909,SEIA
LOJA,"CTT SEIA",6271-952,SEIA
PC,"S ROMÃO",6271-958,"SÃO ROMÃO SEI"
PC,VIDE,6286-909,VIDE
PC,MELO,6291-907,MELO
PC,"VILA NOVA DE TAZEM",6291-908,"VILA NOVA DE TAZEM"
LOJA,"CTT GOUVEIA",6291-909,GOUVEIA
BEC,"MILEU (GUARDA)",6301-901,GUARDA
PC,GONÇALO,6301-903,GONÇALO
PC,TRINTA,6301-904,TRINTA
LOJA,"CTT S MIGUEL (GUARDA)",6301-908,GUARDA
LOJA,"CTT GUARDA",6301-909,GUARDA
LOJA,"CTT GUARDA",6301-951,GUARDA
LOJA,"CTT GUARDA",6301-952,GUARDA
LOJA,"CTT GUARDA",6301-956,GUARDA
PC,SOITO,6321-907,"SOUTO SBG"
LOJA,"CTT SABUGAL",6321-909,SABUGAL
LOJA,"CTT ALMEIDA",6351-909,ALMEIDA
LOJA,"CTT VILAR FORMOSO",6356-909,"VILAR FORMOSO"
PC,"LAJEOSA DO MONDEGO",6361-907,"LAJEOSA DO MONDEGO"
LOJA,"CTT CELORICO DA BEIRA",6361-909,"CELORICO DA BEIRA"
LOJA,"CTT FORNOS DE ALGODRES",6371-909,"FORNOS DE ALGODRES"
PC,PÍNZIO,6401-906,PÍNZIO
PC,FREIXEDAS,6401-907,FREIXEDAS
PC,"ALVERCA DA BEIRA",6401-908,"ALVERCA DA BEIRA"
LOJA,"CTT PINHEL",6401-909,PINHEL
PC,"VILA FRANCA DAS NAVES",6421-801,"VILA FRANCA DAS NAVES"
PC,FRECHES,6421-907,FRECHES
LOJA,"CTT TRANCOSO",6421-909,TRANCOSO
LOJA,"CTT MEDA",6431-909,MÊDA
PC,VERMIOSA,6441-908,VERMIOSA
LOJA,"CTT FIGUEIRA DE CASTELO RODRIGO",6441-909,"FIGUEIRA CASTELO RODRIGO"
LOJA,"CTT ÉVORA",7001-901,ÉVORA
LOJA,"CTT ROSSIO (ÉVORA)",7006-551,ÉVORA
LOJA,"CTT ROSSIO (ÉVORA)",7006-552,ÉVORA
LOJA,"CTT ROSSIO (ÉVORA)",7006-553,ÉVORA
LOJA,"CTT ROSSIO (ÉVORA)",7006-554,ÉVORA
LOJA,"CTT ROSSIO (ÉVORA)",7006-555,ÉVORA
LOJA,"CTT ROSSIO (ÉVORA)",7006-556,ÉVORA
LOJA,"CTT ROSSIO (ÉVORA)",7006-801,ÉVORA
LOJA,"CTT ROSSIO (ÉVORA)",7006-802,ÉVORA
LOJA,"CTT ROSSIO (ÉVORA)",7006-803,ÉVORA
LOJA,"CTT ROSSIO (ÉVORA)",7006-804,ÉVORA
LOJA,"CTT ROSSIO (ÉVORA)",7006-805,ÉVORA
LOJA,"CTT ROSSIO (ÉVORA)",7006-806,ÉVORA
PC,AZARUJA,7006-901,AZARUJA
LOJA,"CTT ARRAIOLOS",7041-909,ARRAIOLOS
LOJA,"CTT MONTEMOR-O-NOVO",7051-909,MONTEMOR-O-NOVO
LOJA,"CTT VENDAS NOVAS",7081-909,"VENDAS NOVAS"
PC,ALCÁÇOVAS,7091-908,ALCÁÇOVAS
LOJA,"CTT VIANA DO ALENTEJO",7091-909,"VIANA DO ALENTEJO"
LOJA,"CTT ESTREMOZ",7101-909,ESTREMOZ
LOJA,"CTT BORBA",7151-909,BORBA
LOJA,"CTT BORBA",7151-911,BORBA
LOJA,"CTT BORBA",7151-912,BORBA
LOJA,"CTT BORBA",7151-913,BORBA
LOJA,"CTT BORBA",7151-914,BORBA
LOJA,"CTT BORBA",7151-915,BORBA
PC,BENCATEL,7161-908,BENCATEL
LOJA,"CTT VILA VIÇOSA",7161-909,"VILA VIÇOSA"
LOJA,"CTT REDONDO",7171-909,REDONDO
LOJA,"CTT REGUENGOS DE MONSARAZ",7201-909,"REGUENGOS DE MONSARAZ"
LOJA,"CTT PORTEL",7221-909,PORTEL
LOJA,"CTT BARRANCOS",7231-909,BARRANCOS
LOJA,"CTT MOURÃO",7241-909,MOURÃO
LOJA,"CTT ALANDROAL",7251-909,ALANDROAL
LOJA,"CTT PORTALEGRE",7301-901,PORTALEGRE
LOJA,"CTT PORTALEGRE",7301-954,PORTALEGRE
LOJA,"CTT PORTALEGRE",7301-959,PORTALEGRE
LOJA,"CTT CASTELO DE VIDE",7321-909,"CASTELO DE VIDE"
PC,BEIRÃ,7331-908,BEIRÃ
LOJA,"CTT MARVÃO",7331-909,MARVÃO
LOJA,"CTT ARRONCHES",7341-909,ARRONCHES
LOJA,"CTT ELVAS",7351-901,ELVAS
LOJA,"CTT ELVAS",7351-902,ELVAS
LOJA,"CTT ELVAS",7351-903,ELVAS
LOJA,"CTT ELVAS",7351-904,ELVAS
LOJA,"CTT ELVAS",7351-905,ELVAS
LOJA,"CTT ELVAS",7351-906,ELVAS
LOJA,"CTT ELVAS",7351-953,ELVAS
LOJA,"CTT CAMPO MAIOR",7371-909,"CAMPO MAIOR"
LOJA,"CTT CAMPO MAIOR",7371-911,"CAMPO MAIOR"
LOJA,"CTT CAMPO MAIOR",7371-912,"CAMPO MAIOR"
LOJA,"CTT CAMPO MAIOR",7371-913,"CAMPO MAIOR"
LOJA,"CTT PONTE DE SOR",7401-909,"PONTE DE SOR"
PC,MONTARGIL,7426-909,MONTARGIL
LOJA,"CTT CRATO",7431-909,CRATO
LOJA,"CTT ALTER DO CHÃO",7441-909,"ALTER DO CHÃO"
LOJA,"CTT MONFORTE",7451-909,MONFORTE
PC,"CABEÇO DE VIDE",7461-908,"CABEÇO DE VIDE"
LOJA,"CTT FRONTEIRA",7461-909,FRONTEIRA
LOJA,"CTT SOUSEL ",7471-909,SOUSEL
LOJA,"CTT AVIS",7481-909,AVIS
LOJA,"CTT MORA",7491-909,MORA
LOJA,"CTT VILA NOVA DE SANTO ANDRÉ",7501-909,"VILA NOVA DE SANTO ANDRÉ"
LOJA,"CTT SINES",7521-901,SINES
LOJA,"CTT SINES",7521-902,SINES
LOJA,"CTT SINES",7521-903,SINES
LOJA,"CTT SINES",7521-904,SINES
LOJA,"CTT SINES",7521-952,SINES
LOJA,"CTT SINES",7521-953,SINES
LOJA,"CTT SINES",7521-954,SINES
LOJA,"CTT SANTIAGO DO CACÉM",7541-909,"SANTIAGO DO CACÉM"
PC,"CERCAL DO ALENTEJO",7556-909,"CERCAL DO ALENTEJO"
PC,ALVALADE,7566-908,ALVALADE
PC,ERMIDAS-SADO,7566-909,ERMIDAS-SADO
LOJA,"CTT GRÂNDOLA",7571-909,GRÂNDOLA
LOJA,"CTT ALCÁCER DO SAL",7581-909,"ALCÁCER DO SAL"
PC,TORRÃO,7596-909,TORRÃO
LOJA,"CTT ALJUSTREL",7601-909,ALJUSTREL
PC,"S LUÍS",7631-907,"SÃO LUÍS"
PC,"S TEOTÓNIO",7631-908,"SÃO TEOTÓNIO"
LOJA,"CTT ODEMIRA",7631-909,ODEMIRA
LOJA,"CTT VILA NOVA DE MILFONTES",7646-909,"VILA NOVA DE MILFONTES"
LOJA,"CTT OURIQUE",7671-909,OURIQUE
LOJA,"CTT ALMODÔVAR",7701-909,ALMODÔVAR
LOJA,"CTT MÉRTOLA",7751-909,MÉRTOLA
LOJA,"CTT CASTRO VERDE",7781-909,"CASTRO VERDE"
LOJA,"CTT BEJA",7801-901,BEJA
LOJA,"CTT BEJA",7801-902,BEJA
LOJA,"CTT BEJA",7801-903,BEJA
LOJA,"CTT BEJA",7801-904,BEJA
LOJA,"CTT BEJA",7801-905,BEJA
LOJA,"CTT BEJA",7801-906,BEJA
LOJA,"CTT PAX JULIA",7801-908,BEJA
LOJA,"CTT BEJA",7801-951,BEJA
LOJA,"CTT BEJA",7801-952,BEJA
PC,PIAS,7831-907,"PIAS SRP"
LOJA,"CTT SERPA",7831-909,SERPA
LOJA,"CTT MOURA",7861-909,MOURA
PC,SAFARA,7876-909,SAFARA
PC,AMARELEJA,7886-909,AMARELEJA
LOJA,"CTT FERREIRA DO ALENTEJO",7901-909,"FERREIRA DO ALENTEJO"
PC,ALVITO,7921-909,ALVITO
LOJA,"CTT CUBA",7941-909,CUBA
LOJA,"CTT VIDIGUEIRA",7961-909,VIDIGUEIRA
LOJA,"CTT FARO",8001-901,FARO
LOJA,"CTT FARO",8001-902,FARO
LOJA,"CTT FARO",8001-903,FARO
LOJA,"CTT FARO",8001-904,FARO
LOJA,"CTT FARO",8001-905,FARO
LOJA,"CTT FARO",8001-906,FARO
LOJA,"CTT FARO",8001-907,FARO
LOJA,"CTT FARO",8001-908,FARO
LOJA,"CTT FARO",8001-909,FARO
LOJA,"CTT FARO",8001-910,FARO
LOJA,"CTT FARO",8001-911,FARO
PC,"MONTENEGRO (FARO)",8006-401,FARO
LOJA,"CTT MAR E GUERRA (FARO)",8006-501,FARO
LOJA,"CTT PENHA (FARO)",8006-601,FARO
PC,"SANTA BÁRBARA DE NEXE",8006-701,FARO
PC,ESTOI,8006-801,FARO
LOJA,"CTT OLIVAIS DE SANTO ANTÓNIO (LOULÉ)",8101-904,LOULÉ
PC,ALTE,8101-906,ALTE
PC,BOLIQUEIME,8101-908,BOLIQUEIME
LOJA,"CTT LOULÉ",8101-909,LOULÉ
LOJA,"CTT LOULÉ",8101-951,LOULÉ
LOJA,"CTT LOULÉ",8101-952,LOULÉ
LOJA,"CTT LOULÉ",8101-953,LOULÉ
LOJA,"CTT LOULÉ",8101-954,LOULÉ
LOJA,"CTT VILAMOURA",8126-851,QUARTEIRA
LOJA,"CTT QUARTEIRA",8126-901,QUARTEIRA
LOJA,"CTT QUARTEIRA",8126-902,QUARTEIRA
LOJA,"CTT QUARTEIRA",8126-903,QUARTEIRA
LOJA,"CTT QUARTEIRA",8126-904,QUARTEIRA
LOJA,"CTT QUARTEIRA",8126-905,QUARTEIRA
LOJA,"CTT QUARTEIRA",8126-906,QUARTEIRA
LOJA,"CTT VILAMOURA",8126-907,QUARTEIRA
LOJA,"CTT VILAMOURA",8126-908,QUARTEIRA
LOJA,"CTT VILAMOURA",8126-909,QUARTEIRA
LOJA,"CTT VILAMOURA",8126-910,QUARTEIRA
LOJA,"CTT VILAMOURA",8126-911,QUARTEIRA
LOJA,"CTT VILAMOURA",8126-912,QUARTEIRA
LOJA,"CTT VILAMOURA",8126-913,QUARTEIRA
LOJA,"CTT VILAMOURA",8126-914,QUARTEIRA
LOJA,"CTT VILAMOURA",8126-915,QUARTEIRA
LOJA,"CTT QUARTEIRA",8126-916,QUARTEIRA
LOJA,"CTT ALMANCIL",8136-901,ALMANCIL
LOJA,"CTT ALMANCIL",8136-902,ALMANCIL
LOJA,"CTT ALMANCIL",8136-903,ALMANCIL
LOJA,"CTT ALMANCIL",8136-904,ALMANCIL
LOJA,"CTT ALMANCIL",8136-905,ALMANCIL
LOJA,"CTT ALMANCIL",8136-906,ALMANCIL
LOJA,"CTT ALMANCIL",8136-907,ALMANCIL
LOJA,"CTT ALMANCIL",8136-908,ALMANCIL
LOJA,"CTT ALMANCIL",8136-909,ALMANCIL
LOJA,"CTT ALMANCIL",8136-912,ALMANCIL
LOJA,"CTT S BRÁS DE ALPORTEL",8151-909,"SÃO BRÁS DE ALPORTEL"
PC,"GUIA (ALBUFEIRA)",8201-401,"GUIA ABF"
PC,ALBUFEIRA,8201-901,ALBUFEIRA
PC,ALBUFEIRA,8201-902,ALBUFEIRA
PC,ALBUFEIRA,8201-903,ALBUFEIRA
PC,ALBUFEIRA,8201-904,ALBUFEIRA
PC,ALBUFEIRA,8201-905,ALBUFEIRA
LOJA,"CTT AREIAS DE SÃO JOÃO",8201-908,ALBUFEIRA
LOJA,"CTT AREIAS DE SÃO JOÃO",8201-909,ALBUFEIRA
LOJA,"CTT AREIAS DE SÃO JOÃO",8201-910,ALBUFEIRA
LOJA,"CTT AREIAS DE SÃO JOÃO",8201-911,ALBUFEIRA
LOJA,"CTT AREIAS DE SÃO JOÃO",8201-912,ALBUFEIRA
LOJA,"CTT AREIAS DE SÃO JOÃO",8201-913,ALBUFEIRA
LOJA,"CTT AREIAS DE SÃO JOÃO",8201-914,ALBUFEIRA
LOJA,"CTT CERRO DA ALAGOA",8201-915,ALBUFEIRA
LOJA,"CTT CERRO DA ALAGOA",8201-916,ALBUFEIRA
LOJA,"CTT CERRO DA ALAGOA",8201-917,ALBUFEIRA
LOJA,"CTT CERRO DA ALAGOA",8201-918,ALBUFEIRA
LOJA,"CTT AREIAS DE SÃO JOÃO",8201-923,ALBUFEIRA
LOJA,"CTT OLHOS DE ÁGUA",8201-925,ALBUFEIRA
PC,"PADERNE ",8201-926,"PADERNE ABF"
LOJA,"CTT VALE PARAÍSO (ALBUFEIRA)",8201-927,FERREIRAS
LOJA,"CTT SILVES",8301-909,SILVES
LOJA,"CTT SILVES",8301-911,SILVES
PC,"TUNES GARE",8366-906,TUNES
PC,ALGOZ,8366-907,ALGOZ
PC,ALCANTARILHA,8366-908,ALCANTARILHA
LOJA,"CTT ARMAÇÃO DE PÊRA",8366-909,"ARMAÇÃO DE PÊRA"
LOJA,"CTT ARMAÇÃO DE PÊRA",8366-910,"ARMAÇÃO DE PÊRA"
LOJA,"CTT ARMAÇÃO DE PÊRA",8366-911,"ARMAÇÃO DE PÊRA"
LOJA,"CTT ARMAÇÃO DE PÊRA",8366-912,"ARMAÇÃO DE PÊRA"
LOJA,"CTT ARMAÇÃO DE PÊRA",8366-913,"ARMAÇÃO DE PÊRA"
LOJA,"CTT S BARTOLOMEU DE MESSINES",8376-909,"S BARTOLOMEU DE MESSINES"
LOJA,"CTT LAGOA (ALGARVE)",8401-901,LAGOA
LOJA,"CTT LAGOA (ALGARVE)",8401-902,LAGOA
LOJA,"CTT LAGOA (ALGARVE)",8401-903,LAGOA
LOJA,"CTT LAGOA (ALGARVE)",8401-904,LAGOA
PC,FERRAGUDO,8401-906,FERRAGUDO
PC,PORCHES,8401-907,PORCHES
LOJA,"CTT PRAIA DO CARVOEIRO",8401-908,"CARVOEIRO LGA"
LOJA,"CTT PRAIA DO CARVOEIRO",8401-909,"CARVOEIRO LGA"
LOJA,"CTT PRAIA DO CARVOEIRO",8401-910,"CARVOEIRO LGA"
LOJA,"CTT PRAIA DO CARVOEIRO",8401-911,"CARVOEIRO LGA"
LOJA,"CTT LAGOA (ALGARVE)",8401-951,LAGOA
PC,"CONTINENTE CABEÇO DO MOCHO ",8501-901,PORTIMÃO
LOJA,"CTT GIL EANES (PORTIMÃO)",8501-902,PORTIMÃO
PC,"MEXILHOEIRA GRANDE",8501-903,"MEXILHOEIRA GRANDE"
PC,"PRAIA DA ROCHA",8501-905,PORTIMÃO
LOJA,"CTT ALVOR",8501-906,ALVOR
LOJA,"CTT TEIXEIRA GOMES (PORTIMÃO)",8501-908,PORTIMÃO
LOJA,"CTT TEIXEIRA GOMES (PORTIMÃO)",8501-909,PORTIMÃO
LOJA,"CTT TEIXEIRA GOMES (PORTIMÃO)",8501-910,PORTIMÃO
LOJA,"CTT TEIXEIRA GOMES (PORTIMÃO)",8501-911,PORTIMÃO
LOJA,"CTT TEIXEIRA GOMES (PORTIMÃO)",8501-912,PORTIMÃO
LOJA,"CTT TEIXEIRA GOMES (PORTIMÃO)",8501-913,PORTIMÃO
LOJA,"CTT TEIXEIRA GOMES (PORTIMÃO)",8501-914,PORTIMÃO
LOJA,"CTT TEIXEIRA GOMES (PORTIMÃO)",8501-915,PORTIMÃO
LOJA,"CTT TEIXEIRA GOMES (PORTIMÃO)",8501-916,PORTIMÃO
LOJA,"CTT TEIXEIRA GOMES (PORTIMÃO)",8501-917,PORTIMÃO
LOJA,"CTT TEIXEIRA GOMES (PORTIMÃO)",8501-918,PORTIMÃO
LOJA,"CTT TEIXEIRA GOMES (PORTIMÃO)",8501-919,PORTIMÃO
LOJA,"CTT TEIXEIRA GOMES (PORTIMÃO)",8501-920,PORTIMÃO
LOJA,"CTT TEIXEIRA GOMES (PORTIMÃO)",8501-952,PORTIMÃO
LOJA,"CTT TEIXEIRA GOMES (PORTIMÃO)",8501-953,PORTIMÃO
LOJA,"CTT MONCHIQUE",8551-909,MONCHIQUE
LOJA,"CTT LAGOS",8601-901,LAGOS
LOJA,"CTT LAGOS",8601-902,LAGOS
LOJA,"CTT LAGOS",8601-903,LAGOS
LOJA,"CTT LAGOS",8601-904,LAGOS
LOJA,"CTT LAGOS",8601-905,LAGOS
LOJA,"CTT LAGOS",8601-906,LAGOS
LOJA,"CTT LAGOS",8601-907,LAGOS
LOJA,"CTT LAGOS",8601-908,LAGOS
LOJA,"CTT LAGOS",8601-909,LAGOS
LOJA,"CTT LAGOS",8601-910,LAGOS
LOJA,"CTT LAGOS",8601-911,LAGOS
LOJA,"CTT LUZ (LAGOS)",8601-926,"LUZ LGS"
LOJA,"CTT LUZ (LAGOS)",8601-927,"LUZ LGS"
LOJA,"CTT LUZ (LAGOS)",8601-928,"LUZ LGS"
LOJA,"CTT LUZ (LAGOS)",8601-929,"LUZ LGS"
LOJA,"CTT LUZ (LAGOS)",8601-930,"LUZ LGS"
LOJA,"CTT VILA DE SAGRES",8651-908,SAGRES
LOJA,"CTT VILA DO BISPO",8651-909,"VILA DO BISPO"
PC,ODECEIXE,8671-908,ODECEIXE
LOJA,"CTT ALJEZUR",8671-909,ALJEZUR
LOJA,"CTT ALJEZUR",8671-909,ALJEZUR
LOJA,"CTT ZONA INDUSTRIAL (OLHÃO)",8701-905,OLHÃO
LOJA,"CTT MONCARAPACHO",8701-906,MONCARAPACHO
LOJA,"CTT FUSETA",8701-908,FUSETA
LOJA,"CTT OLHÃO",8701-909,OLHÃO
LOJA,"CTT OLHÃO",8701-910,OLHÃO
LOJA,"CTT OLHÃO",8701-911,OLHÃO
LOJA,"CTT OLHÃO",8701-912,OLHÃO
LOJA,"CTT OLHÃO",8701-913,OLHÃO
LOJA,"CTT OLHÃO",8701-914,OLHÃO
LOJA,"CTT OLHÃO",8701-915,OLHÃO
LOJA,"CTT OLHÃO",8701-952,OLHÃO
LOJA,"CTT OLHÃO",8701-953,OLHÃO
LOJA,"CTT TAVIRA",8801-901,TAVIRA
LOJA,"CTT TAVIRA",8801-902,TAVIRA
LOJA,"CTT TAVIRA",8801-903,TAVIRA
LOJA,"CTT TAVIRA",8801-904,TAVIRA
PC,"SANTA MARIA (TAVIRA)",8801-907,TAVIRA
PC,"LUZ (TAVIRA)",8801-908,"LUZ TVR"
PC,"VILA NOVA DE CACELA",8901-907,"VILA NOVA DE CACELA"
LOJA,"CTT MONTE GORDO",8901-908,"MONTE GORDO"
LOJA,"CTT VILA REAL DE SANTO ANTÓNIO",8901-909,"VILA REAL SANTO ANTÓNIO"
LOJA,"CTT CASTRO MARIM",8951-909,"CASTRO MARIM"
LOJA,"CTT ALCOUTIM",8971-909,ALCOUTIM
LOJA,"CTT MONUMENTAL (FUNCHAL)",9001-401,FUNCHAL
LOJA,"CTT NAZARÉ (FUNCHAL)",9001-601,FUNCHAL
LOJA,"CTT CALOUSTE GULBENKIAN (FUNCHAL)",9001-801,FUNCHAL
LOJA,"CTT CALOUSTE GULBENKIAN (FUNCHAL)",9001-802,FUNCHAL
LOJA,"CTT ZARCO (FUNCHAL)",9001-901,FUNCHAL
LOJA,"CTT ZARCO (FUNCHAL)",9001-902,FUNCHAL
LOJA,"CTT ZARCO (FUNCHAL)",9001-903,FUNCHAL
LOJA,"CTT ZARCO (FUNCHAL)",9001-904,FUNCHAL
LOJA,"CTT ZARCO (FUNCHAL)",9001-905,FUNCHAL
LOJA,"CTT ZARCO (FUNCHAL)",9001-906,FUNCHAL
LOJA,"CTT ZARCO (FUNCHAL)",9001-907,FUNCHAL
LOJA,"CTT ZARCO (FUNCHAL)",9001-908,FUNCHAL
LOJA,"CTT ZARCO (FUNCHAL)",9001-909,FUNCHAL
LOJA,"CTT ZARCO (FUNCHAL)",9001-951,FUNCHAL
LOJA,"CTT PENTEADA (FUNCHAL)",9021-901,FUNCHAL
LOJA,"CTT MERCADO (FUNCHAL)",9061-901,FUNCHAL
LOJA,"CTT SANTA CRUZ (MADEIRA)",9101-909,"SANTA CRUZ"
LOJA,"CTT CANIÇO",9126-909,CANIÇO
PC,"CAMACHA (MADEIRA)",9136-909,CAMACHA
PC,"CANIÇAL (MADEIRA)",9201-908,CANIÇAL
LOJA,"CTT MACHICO",9201-909,MACHICO
PC,"PORTO DA CRUZ",9226-909,"PORTO DA CRUZ"
LOJA,"CTT SANTANA",9231-909,SANTANA
PC,"PONTA DELGADA (MADEIRA)",9241-908,"PONTA DELGADA SVC"
LOJA,"CTT S VICENTE",9241-909,"SÃO VICENTE"
LOJA,"CTT PORTO MONIZ",9271-909,"PORTO MONIZ"
LOJA,"CTT CÂMARA DE LOBOS",9301-909,"CÂMARA DE LOBOS"
LOJA,"CTT ESTREITO DE CÂMARA DE LOBOS",9326-909,"ESTREITO CÂMARA DE LOBOS"
LOJA,"CTT RIBEIRA BRAVA",9351-909,"RIBEIRA BRAVA"
LOJA,"CTT PONTA DO SOL",9361-909,"PONTA DO SOL"
PC,"ARCO DA CALHETA",9371-908,"ARCO DA CALHETA"
LOJA,"CTT CALHETA (MADEIRA)",9371-909,"CALHETA (MADEIRA)"
LOJA,"CTT PORTO SANTO",9401-909,"PORTO SANTO"
LOJA,"CTT AEROPORTO DE PONTA DELGADA",9501-401,"PONTA DELGADA"
LOJA,"CTT S ROQUE (PONTA DELGADA)",9501-601,"PONTA DELGADA"
LOJA,"CTT ANTERO DE QUENTAL (PONTA DELGADA)",9501-801,"PONTA DELGADA"
LOJA,"CTT ANTERO DE QUENTAL (PONTA DELGADA)",9501-802,"PONTA DELGADA"
LOJA,"CTT ANTERO DE QUENTAL (PONTA DELGADA)",9501-803,"PONTA DELGADA"
LOJA,"CTT ANTERO DE QUENTAL (PONTA DELGADA)",9501-804,"PONTA DELGADA"
LOJA,"CTT ANTERO DE QUENTAL (PONTA DELGADA)",9501-805,"PONTA DELGADA"
LOJA,"CTT ANTERO DE QUENTAL (PONTA DELGADA)",9501-806,"PONTA DELGADA"
LOJA,"CTT ANTERO DE QUENTAL (PONTA DELGADA)",9501-807,"PONTA DELGADA"
LOJA,"CTT ANTERO DE QUENTAL (PONTA DELGADA)",9501-808,"PONTA DELGADA"
LOJA,"CTT ANTERO DE QUENTAL (PONTA DELGADA)",9501-809,"PONTA DELGADA"
LOJA,"CTT ANTERO DE QUENTAL (PONTA DELGADA)",9501-810,"PONTA DELGADA"
LOJA,"CTT VASCO DA GAMA (PONTA DELGADA)",9501-890,"PONTA DELGADA"
LOJA,"CTT VASCO DA GAMA (PONTA DELGADA)",9501-901,"PONTA DELGADA"
LOJA,"CTT VASCO DA GAMA (PONTA DELGADA)",9501-902,"PONTA DELGADA"
LOJA,"CTT VASCO DA GAMA (PONTA DELGADA)",9501-903,"PONTA DELGADA"
LOJA,"CTT VASCO DA GAMA (PONTA DELGADA)",9501-904,"PONTA DELGADA"
LOJA,"CTT VASCO DA GAMA (PONTA DELGADA)",9501-905,"PONTA DELGADA"
LOJA,"CTT VASCO DA GAMA (PONTA DELGADA)",9501-922,"PONTA DELGADA"
LOJA,"CTT VASCO DA GAMA (PONTA DELGADA)",9501-950,"PONTA DELGADA"
PC,CAPELAS,9546-909,CAPELAS
PC,GINETES,9556-909,GINETES
PC,"ÁGUA DE PAU",9561-908,"ÁGUA DE PAU"
LOJA,"CTT LAGOA (SÃO MIGUEL)",9561-909,"LAGOA (SÃO MIGUEL)"
LOJA,"CTT VILA DO PORTO",9581-909,"VILA DO PORTO"
LOJA,"CTT RABO DE PEIXE",9601-908,"RABO DE PEIXE"
LOJA,"CTT RIBEIRA GRANDE",9601-909,"RIBEIRA GRANDE"
PC,"MAIA (SÃO MIGUEL)",9626-909,"MAIA (SÃO MIGUEL)"
LOJA,"CTT NORDESTE",9631-909,NORDESTE
LOJA,"CTT POVOAÇÃO",9651-909,POVOAÇÃO
PC,FURNAS,9676-909,FURNAS
LOJA,"CTT VILA FRANCA DO CAMPO",9681-909,"VILA FRANCA DO CAMPO"
LOJA,"CTT ANGRA DO HEROÍSMO",9701-901,"ANGRA DO HEROÍSMO"
LOJA,"CTT ANGRA DO HEROÍSMO",9701-902,"ANGRA DO HEROÍSMO"
LOJA,"CTT ANGRA DO HEROÍSMO",9701-903,"ANGRA DO HEROÍSMO"
LOJA,"CTT ANGRA DO HEROÍSMO",9701-904,"ANGRA DO HEROÍSMO"
LOJA,"CTT ANGRA DO HEROÍSMO",9701-905,"ANGRA DO HEROÍSMO"
LOJA,"CTT ANGRA DO HEROÍSMO",9701-906,"ANGRA DO HEROÍSMO"
LOJA,"CTT CÔRTE REAL (TERCEIRA)",9701-908,"ANGRA DO HEROÍSMO"
PC,BISCOITOS,9761-907,BISCOITOS
LOJA,"CTT PRAIA DA VITÓRIA",9761-909,"PRAIA DA VITÓRIA"
LOJA,"CTT VELAS",9801-909,VELAS
LOJA,"CTT CALHETA (SÃO JORGE)",9851-909,"CALHETA (SÃO JORGE)"
PC,TOPO,9876-909,TOPO
LOJA,"CTT SANTA CRUZ DA GRACIOSA",9881-909,"SANTA CRUZ DA GRACIOSA"
LOJA,"CTT HORTA",9901-909,HORTA
LOJA,"CTT LAJES DO PICO",9931-909,"LAJES DO PICO"
LOJA,"CTT S ROQUE DO PICO",9941-909,"SÃO ROQUE DO PICO"
LOJA,"CTT MADALENA (PICO)",9951-909,"MADALENA (PICO)"
LOJA,"CTT LAJES DAS FLORES",9961-909,"LAJES DAS FLORES"
LOJA,"CTT SANTA CRUZ DAS FLORES",9971-909,"SANTA CRUZ DAS FLORES"
